0,1,2,3,4,5,6,7,8,9,10,11,12,13,14,Product weight g
-0.8270686799992412,0.6334413569600885,-7.105427357601002e-15,1.0470412034153025,1.047673719490393,5.551115123125783e-17,-1.1903239230892544,0.5011236584943979,0.6547709987317392,0.4114045090390577,0.5512948684208058,0.5153859633438179,1.3492638068636247,-1.029450977378968,0.00418931086919198,14.597
-0.6038050697209225,-0.4888362053753133,-7.105427357601002e-15,0.0828669586379736,0.08364129217930023,5.551115123125783e-17,-0.548213291757708,0.7970893091488129,0.6547709987317392,0.18792292298464017,0.05319870763781141,0.5153859633438179,-0.7411449079959138,1.577242343286205,0.00418931086919198,14.595
-0.6038050697209225,-0.6033543239809666,-7.105427357601002e-15,-0.016020871037782106,-0.025826090869426763,5.551115123125783e-17,-0.548213291757708,-0.6827389441232622,0.2531375777927639,0.5231564761455727,0.8003678536203501,0.5153859633438179,-0.7411449079959138,1.3953800185886365,0.9258377020864137,14.604
-0.6038050697209225,-1.0957822339852752,-7.105427357601002e-15,0.38660027834673805,0.38732993667500454,5.551115123125783e-17,0.35094319670020213,0.7970893091488129,0.2531375777927639,0.7466268881207158,0.05319870763781141,0.5153859633438179,-0.7411449079959138,1.2741384687902546,1.8474860933036354,14.595
-0.8270686799992412,0.2898870011431286,-7.105427357601002e-15,0.20647919977756796,0.20723535156914435,5.551115123125783e-17,-0.41969036319452613,-0.23879046814163965,-0.014595723942494771,0.9701084741751332,0.8003678536203501,0.5153859633438179,-0.7411449079959138,-1.4537964016733005,0.00418931086919198,14.596
1.851997809029244,0.2440797537008673,-7.105427357601002e-15,-1.3686878742650606,-1.3677000359245546,5.551115123125783e-17,0.22242026813702018,-0.8307217694504697,-0.6839624466167288,-0.03554748899050285,-0.44487254833720674,0.5153859633438179,1.3492638068636247,-1.029450977378968,0.00418931086919198,14.613
1.1822796039279984,-0.8094869374711425,-7.105427357601002e-15,-0.19967250220121088,-0.19885661078726424,5.551115123125783e-17,2.277527096437023,0.7970893091488129,-3.093696035578406,-2.38211531664132,-2.9353533522523203,0.5153859633438179,1.3492638068636247,-1.4537964016733005,-0.9174590803480297,14.599
-0.8270686799992412,1.343453692315138,-7.105427357601002e-15,0.35481512525658837,0.35554945876664856,5.551115123125783e-17,-0.29141944037361545,-0.9787045947776772,-0.014595723942494771,0.9701084741751332,0.8003678536203501,0.5153859633438179,-0.7411449079959138,-1.635658726370869,0.00418931086919198,14.595
1.1822796039279984,-0.339962651187964,-7.105427357601002e-15,-1.499363038404212,-1.498355979450027,5.551115123125783e-17,-2.2180033401103465,-0.6827389441232622,0.5208842668624423,-0.37078104215143537,0.8003678536203501,1.6724952824310468,-0.7411449079959138,-0.5444847781854488,0.00418931086919198,14.614
1.6287341987507877,-0.4659325816541826,-7.105427357601002e-15,-0.3727306577708239,-0.37188931175749623,5.551115123125783e-17,1.1215767565949304,1.9809519117664731,-3.093696035578406,-2.6055969026957375,-3.1844263374518644,0.5153859633438179,1.3492638068636247,-1.635658726370869,0.00418931086919198,14.597
1.851997809029244,-0.09947460211609266,-7.105427357601002e-15,-1.1108702799542582,-1.1099203632219827,5.551115123125783e-17,0.6077370480843843,0.5011236584943979,-1.085595867555704,-0.5942514541265784,-0.44487254833720674,0.5153859633438179,1.3492638068636247,-1.211313302076541,0.9258377020864137,14.607
0.9590159936496798,-0.14528184955835335,-7.105427357601002e-15,-1.08614623205263,-1.0851999519055957,5.551115123125783e-17,-0.16289651181034392,0.3531408331671904,0.6547709987317392,0.18792292298464017,0.05319870763781141,0.5153859633438179,-0.7411449079959138,-0.12013935389111634,-1.8391074715652516,14.606
-1.0503322902775598,-0.40867352235135596,-7.105427357601002e-15,1.2589477986368327,1.2595491460133443,5.551115123125783e-17,-0.29141944037361545,-0.09080764281443213,0.5208842668624423,0.7466268881207158,0.8003678536203501,0.5153859633438179,-0.7411449079959138,-0.8475886526813994,0.00418931086919198,14.593
-0.6038050697209225,-0.3857698986302253,-7.105427357601002e-15,-0.03367981456660723,-0.03288833851378602,5.551115123125783e-17,-0.16289651181034392,0.3531408331671904,0.2531375777927639,-0.14729945609701786,0.05319870763781141,0.5153859633438179,-0.7411449079959138,1.577242343286205,1.8474860933036354,14.593
1.4054705884724692,-1.2103003525909286,-7.105427357601002e-15,-1.6053163360149771,-1.6042936927115026,5.551115123125783e-17,-0.8050071431418903,-0.5347561187960547,-0.014595723942494771,-0.03554748899050285,0.05319870763781141,0.5153859633438179,-0.7411449079959138,-0.8475886526813994,-0.9174590803480297,14.61
1.1822796039279984,-1.2446557881726246,-7.105427357601002e-15,-0.429237677389364,-0.428388019929853,5.551115123125783e-17,2.149004167873751,2.424900387748079,-3.361429337313665,-3.723004832967889,-3.682522498234859,-1.7986012761066215,-0.7411449079959138,-0.7263471028830175,0.9258377020864137,14.601
-1.0503322902775598,0.09520619951351797,-7.105427357601002e-15,1.2977958747265435,1.2983915080573325,5.551115123125783e-17,0.9930538280316589,-1.2746702454320922,-0.014595723942494771,0.4114045090390577,0.5512948684208058,0.5153859633438179,-0.7411449079959138,0.001102195907261307,0.00418931086919198,14.592
0.9590159936496798,0.6563449806812192,-7.105427357601002e-15,-0.86364616123728,-0.8627326079510296,5.551115123125783e-17,-0.16289651181034392,1.389020610457643,0.6547709987317392,0.18792292298464017,0.8003678536203501,0.5153859633438179,1.3492638068636247,0.18296452060483423,-0.9174590803480297,14.601
-0.6038050697209225,0.5074714264938699,-7.105427357601002e-15,0.2347338002734631,0.23548579618152204,5.551115123125783e-17,1.1215767565949304,0.5011236584943979,0.2531375777927639,0.7466268881207158,0.8003678536203501,0.5153859633438179,-0.7411449079959138,1.2741384687902546,-1.8391074715652516,14.599
1.6287341987507877,-1.2332039763120592,-7.105427357601002e-15,-0.7435644726919484,-0.742668581857172,5.551115123125783e-17,0.8647829052107482,0.2051580078399829,-2.0226958919651965,-2.2703633495348052,-1.9391859354943077,-1.7986012761066215,-0.7411449079959138,-1.635658726370869,0.9258377020864137,14.605
-0.38055356373155563,-0.42012533421192133,-7.105427357601002e-15,-0.008957584476014614,-0.008169744741058296,5.551115123125783e-17,-1.4473697802156182,0.05717518251277539,0.6547709987317392,0.5231564761455727,0.05319870763781141,0.5153859633438179,1.3492638068636247,1.5166215683870141,-0.9174590803480297,14.6
-0.8270686799992412,4.126243974432511,-7.105427357601002e-15,1.276606742165662,1.2772054921417129,5.551115123125783e-17,-1.4473697802156182,-0.9787045947776772,0.2531375777927639,0.18792292298464017,0.5512948684208058,0.5153859633438179,-0.7411449079959138,-0.5444847781854488,0.00418931086919198,14.592
-1.0503322902775598,-0.44302895793305197,-7.105427357601002e-15,1.2942653221322848,1.2948614747613503,5.551115123125783e-17,0.6077370480843843,-0.09080764281443213,0.5208842668624423,0.4114045090390577,0.5512948684208058,0.5153859633438179,1.3492638068636247,0.6679307197983534,0.9258377020864137,14.583
-0.8270686799992412,-0.9469086797979259,-7.105427357601002e-15,0.5172754424858936,0.5003295340721126,5.551115123125783e-17,-0.034373583247161985,1.8329690864392492,0.5208842668624423,0.4114045090390577,0.05319870763781141,-1.7986012761066215,-0.7411449079959138,1.577242343286205,0.00418931086919198,14.606
0.289237267103538,-0.22544453258231067,-7.105427357601002e-15,-0.11137814811927502,-0.11057524365415708,5.551115123125783e-17,0.0938973395737487,-1.5706358960865072,0.2531375777927639,0.7466268881207158,0.8003678536203501,0.5153859633438179,1.3492638068636247,0.9710345942943039,1.8474860933036354,14.608
-0.38055356373155563,0.04939895207125665,-7.105427357601002e-15,0.11465429310137346,0.11542395114005478,5.551115123125783e-17,-0.6767362203209796,0.6491064838216054,0.5208842668624423,0.4114045090390577,0.05319870763781141,0.5153859633438179,-0.7411449079959138,1.577242343286205,0.00418931086919198,14.598
-0.6038050697209225,-0.6949688188654892,-7.105427357601002e-15,0.029892672986938172,0.030674798355320335,5.551115123125783e-17,0.22242026813702018,-0.38677329346884715,0.9225043004669978,0.5231564761455727,0.05319870763781141,0.5153859633438179,1.3492638068636247,1.5166215683870141,-0.9174590803480297,14.601
-0.8270686799992412,-0.6720651951443586,-7.105427357601002e-15,0.9622774019276293,0.9629223856532724,5.551115123125783e-17,-0.29141944037361545,1.093054959803228,0.2531375777927639,0.18792292298464017,0.05319870763781141,0.5153859633438179,1.3492638068636247,-1.211313302076541,0.00418931086919198,14.593
-0.6038050697209225,-0.32851083932739866,-7.105427357601002e-15,0.20647919977756796,0.20723535156914435,5.551115123125783e-17,0.22242026813702018,-0.23879046814163965,0.5208842668624423,0.4114045090390577,-0.44487254833720674,0.5153859633438179,-0.7411449079959138,1.577242343286205,0.00418931086919198,14.602
0.9590159936496798,-0.54609526467814,-7.105427357601002e-15,-0.9978540593439361,-0.9969207658248788,5.551115123125783e-17,-0.29141944037361545,-0.38677329346884715,0.5208842668624423,0.4114045090390577,0.05319870763781141,-1.7986012761066215,-0.7411449079959138,-0.12013935389111634,0.00418931086919198,14.61
1.1822796039279984,-0.7407760663077506,-7.105427357601002e-15,-1.3227765116135821,-1.3217954262362028,5.551115123125783e-17,-0.29141944037361545,-1.2746702454320922,0.2531375777927639,0.18792292298464017,0.05319870763781141,0.5153859633438179,-0.7411449079959138,-0.4232432283870669,0.9258377020864137,14.608
1.6287341987507877,0.6334413569600885,-7.105427357601002e-15,-1.5134914293387784,-1.5124822922824088,5.551115123125783e-17,-0.29141944037361545,-0.09080764281443213,0.5208842668624423,-0.03554748899050285,0.05319870763781141,0.5153859633438179,-0.7411449079959138,-0.6051055530846399,0.00418931086919198,14.617
-0.6038050697209225,-0.00786010723157001,-7.105427357601002e-15,1.371964019247155,1.3725487434104482,5.551115123125783e-17,1.6354164651054763,-0.6827389441232622,0.5208842668624423,0.4114045090390577,0.05319870763781141,-1.7986012761066215,-0.7411449079959138,0.6073099448991625,0.9258377020864137,14.591
-0.6038050697209225,0.33569424858538993,-7.105427357601002e-15,0.4466400319327829,0.44736085919573815,5.551115123125783e-17,-1.0620530002683437,1.5370034357848341,-0.014595723942494771,0.18792292298464017,0.05319870763781141,0.5153859633438179,-0.7411449079959138,1.6984838930845871,0.00418931086919198,14.596
-1.2735959005558786,-0.3628662749090946,-7.105427357601002e-15,1.089422013472518,1.0900482958827582,5.551115123125783e-17,0.6077370480843843,-1.1266874201048847,0.5208842668624423,-0.03554748899050285,0.05319870763781141,-1.7986012761066215,-0.7411449079959138,-0.24138090368949827,0.00418931086919198,14.589
1.6287341987507877,-1.2561076000331899,-7.105427357601002e-15,-0.4574922778852551,-0.4566384645422265,5.551115123125783e-17,0.9930538280316589,0.5011236584943979,-1.085595867555704,-1.1529554192626539,-1.1920416943197454,0.5153859633438179,1.3492638068636247,-1.3325548518749186,0.00418931086919198,14.607
-1.0503322902775598,-0.16818547327948402,-7.105427357601002e-15,1.371964019247155,1.3725487434104482,5.551115123125783e-17,-0.16289651181034392,0.5011236584943979,0.2531375777927639,-0.03554748899050285,0.5512948684208058,0.5153859633438179,-0.7411449079959138,0.36482684530240284,-0.9174590803480297,14.594
0.0659736568252193,-0.4659325816541826,-7.105427357601002e-15,0.06521019648239039,0.06598712710332624,5.551115123125783e-17,-2.2180033401103465,0.05717518251277539,0.2531375777927639,0.7466268881207158,0.05319870763781141,0.5153859633438179,1.3492638068636247,0.9710345942943039,0.9258377020864137,14.61
1.6287341987507877,-1.542402896547323,-7.105427357601002e-15,-0.6729312435120837,-0.6720457419048236,5.551115123125783e-17,-0.29141944037361545,2.128934737093664,-1.3533291692909628,-0.9294850072875109,-1.1920416943197454,1.6724952824310468,1.3492638068636247,-1.211313302076541,0.9258377020864137,14.604
-0.38055356373155563,-0.20254090886118,-7.105427357601002e-15,0.1923529902162434,0.19311121978915274,5.551115123125783e-17,0.35094319670020213,0.05717518251277539,0.5208842668624423,0.18792292298464017,0.5512948684208058,0.5153859633438179,-0.7411449079959138,1.577242343286205,-0.9174590803480297,14.598
-0.6038050697209225,0.9197366534742218,-7.105427357601002e-15,0.8033498186658289,0.8040181785678168,5.551115123125783e-17,-1.3188468516524363,-0.8307217694504697,-0.14848245581179167,-0.03554748899050285,0.05319870763781141,0.5153859633438179,-0.7411449079959138,-1.7569002761692512,-0.9174590803480297,14.593
0.5125008773818566,0.4273087434699126,-7.105427357601002e-15,-0.061934415062502385,-0.0611387831261637,5.551115123125783e-17,-1.0620530002683437,0.3531408331671904,0.2531375777927639,0.7466268881207158,0.8003678536203501,0.5153859633438179,-0.7411449079959138,0.7891722695967354,0.00418931086919198,14.604
0.7357644876603129,1.2976464448728764,-7.105427357601002e-15,-1.4287298092243472,-1.4277331394976784,5.551115123125783e-17,1.2500996851581123,-1.5706358960865072,0.2531375777927639,0.18792292298464017,0.5512948684208058,0.5153859633438179,-0.7411449079959138,0.6073099448991625,-0.9174590803480297,14.611
-0.8270686799992412,1.870237037901143,-7.105427357601002e-15,1.4037491723373086,1.397266973674449,5.551115123125783e-17,0.6077370480843843,0.05717518251277539,0.2531375777927639,0.5231564761455727,0.5512948684208058,0.5153859633438179,1.3492638068636247,0.7891722695967354,0.00418931086919198,14.587
1.1822796039279984,-0.6606133832837933,-7.105427357601002e-15,-0.8212653511800644,-0.8203580315586644,5.551115123125783e-17,0.22242026813702018,0.9450721344760205,0.6547709987317392,0.18792292298464017,0.5512948684208058,0.5153859633438179,-0.7411449079959138,-0.5444847781854488,-1.8391074715652516,14.616
1.851997809029244,-0.09947460211609266,-7.105427357601002e-15,-0.4433660683239305,-0.4425143327622349,5.551115123125783e-17,0.7362599766475663,1.9809519117664731,-1.085595867555704,-0.9294850072875109,-0.44487254833720674,0.5153859633438179,1.3492638068636247,-1.3325548518749186,1.8474860933036354,14.616
1.6287341987507877,0.25553156556143264,-7.105427357601002e-15,-1.4499193053474393,-1.4489195189220336,5.551115123125783e-17,1.378370607979023,0.3531408331671904,0.2531375777927639,-0.03554748899050285,0.05319870763781141,0.5153859633438179,-0.7411449079959138,-0.7263471028830175,-0.9174590803480297,14.614
-0.15728995345309935,-0.40867352235135596,-7.105427357601002e-15,-1.1179335665160257,-1.116982610866346,5.551115123125783e-17,0.6077370480843843,-2.310550022722545,0.5208842668624423,0.5231564761455727,0.5512948684208058,-1.7986012761066215,-0.7411449079959138,1.092276144092686,-0.9174590803480297,14.606
-1.0503322902775598,-0.08802279025552733,-7.105427357601002e-15,0.11112155913386876,0.11189173679167792,5.551115123125783e-17,0.22242026813702018,-1.5706358960865072,0.2531375777927639,0.18792292298464017,0.05319870763781141,0.5153859633438179,1.3492638068636247,-1.7569002761692512,0.9258377020864137,14.601
-0.15728995345309935,1.0571583958010045,-7.105427357601002e-15,-0.13963274861516603,-0.13882568826653063,5.551115123125783e-17,-0.41969036319452613,0.3531408331671904,0.2531375777927639,-0.03554748899050285,0.05319870763781141,0.5153859633438179,1.3492638068636247,1.2135176938910637,0.00418931086919198,14.601
0.5125008773818566,-0.6835170070049239,-7.105427357601002e-15,-0.8177326172125596,-0.8168258172102876,5.551115123125783e-17,-2.474797191494529,1.2410377851304355,0.5208842668624423,-0.03554748899050285,0.8003678536203501,0.5153859633438179,-0.7411449079959138,0.6679307197983534,0.00418931086919198,14.604
-0.6038050697209225,0.08375438765295264,-7.105427357601002e-15,0.3159648677936315,0.31317270132188896,5.551115123125783e-17,0.0938973395737487,-1.8666015467409223,-0.014595723942494771,0.9701084741751332,0.8003678536203501,0.5153859633438179,-0.7411449079959138,0.7891722695967354,-1.8391074715652516,14.598
1.851997809029244,-1.0957822339852752,-7.105427357601002e-15,-0.7753518071553441,-0.7744512408179224,5.551115123125783e-17,0.9930538280316589,0.5011236584943979,-1.3533291692909628,-1.264707386369169,-1.1920416943197454,0.5153859633438179,1.3492638068636247,-1.3325548518749186,-1.8391074715652516,14.604
-0.6038050697209225,1.7213634837137937,-7.105427357601002e-15,0.18882025624873872,0.18957900544077588,5.551115123125783e-17,0.0938973395737487,0.05717518251277539,0.2531375777927639,-0.03554748899050285,0.05319870763781141,-1.7986012761066215,-0.7411449079959138,1.2741384687902546,-0.9174590803480297,14.602
0.5125008773818566,-1.62256557957128,-7.105427357601002e-15,-1.2486087306551772,-1.2476385543918183,5.551115123125783e-17,-1.9609574829839826,-0.6827389441232622,-3.4953160691829614,-3.723004832967889,-3.1844263374518644,0.5153859633438179,-0.7411449079959138,0.30420607040321185,-0.9174590803480297,14.596
-0.15728995345309935,-1.1759449170092326,-7.105427357601002e-15,-0.8848356573603678,-0.8839189873753804,5.551115123125783e-17,-0.6767362203209796,-0.38677329346884715,0.6547709987317392,0.5231564761455727,0.05319870763781141,-1.7986012761066215,-0.7411449079959138,1.092276144092686,0.9258377020864137,14.608
-0.8270686799992412,1.2632910092911804,-7.105427357601002e-15,1.2942653221322848,1.2877974095733276,5.551115123125783e-17,-0.41969036319452613,-0.38677329346884715,0.2531375777927639,0.7466268881207158,0.5512948684208058,0.5153859633438179,-0.7411449079959138,-0.8475886526813994,0.00418931086919198,14.589
-0.6038050697209225,1.2060319499883538,-7.105427357601002e-15,0.19588536062154183,0.19664307062879857,5.551115123125783e-17,-0.16289651181034392,-0.23879046814163965,0.2531375777927639,0.4114045090390577,0.05319870763781141,0.5153859633438179,1.3492638068636247,0.18296452060483423,1.8474860933036354,14.601
-0.8270686799992412,-0.3514144630485293,-7.105427357601002e-15,0.13584342566225507,0.1366099670556746,5.551115123125783e-17,0.6077370480843843,-0.09080764281443213,0.2531375777927639,0.4114045090390577,0.05319870763781141,-1.7986012761066215,1.3492638068636247,-1.635658726370869,0.9258377020864137,14.588
-0.8270686799992412,0.08375438765295264,-7.105427357601002e-15,1.2377561211404986,1.238360585536599,5.551115123125783e-17,0.9930538280316589,-0.8307217694504697,0.2531375777927639,0.4114045090390577,0.5512948684208058,-1.7986012761066215,-0.7411449079959138,-0.12013935389111634,0.00418931086919198,14.59
-1.0503322902775598,0.1066580113740833,-7.105427357601002e-15,0.4713618984611734,0.472079089459739,5.551115123125783e-17,0.0938973395737487,-1.4226530707592997,-0.41622914488147006,0.18792292298464017,-0.44487254833720674,0.5153859633438179,-0.7411449079959138,-1.7569002761692512,-1.8391074715652516,14.593
0.289237267103538,-0.3514144630485293,-7.105427357601002e-15,-1.1532510900114779,-1.152294939614352,5.551115123125783e-17,0.35094319670020213,-1.4226530707592997,0.2531375777927639,-0.03554748899050285,0.05319870763781141,-1.7986012761066215,-0.7411449079959138,0.6679307197983534,0.00418931086919198,14.607
-1.0503322902775598,-0.44302895793305197,-7.105427357601002e-15,1.3437094187512637,1.3442982987980745,5.551115123125783e-17,0.22242026813702018,-0.5347561187960547,0.6547709987317392,0.18792292298464017,0.05319870763781141,0.5153859633438179,1.3492638068636247,0.7891722695967354,0.9258377020864137,14.589
-0.15728995345309935,1.309098256733442,-7.105427357601002e-15,-0.47161848744657964,-0.4707625963222181,5.551115123125783e-17,1.2500996851581123,-1.1266874201048847,0.2531375777927639,0.5231564761455727,0.8003678536203501,0.5153859633438179,1.3492638068636247,0.9710345942943039,-0.9174590803480297,14.602
0.5125008773818566,-0.8438423730528386,-7.105427357601002e-15,-1.4393232848181672,-1.4383250569292934,5.551115123125783e-17,0.0938973395737487,-1.5706358960865072,0.2531375777927639,0.18792292298464017,0.5512948684208058,0.5153859633438179,-0.7411449079959138,0.4860683951007848,0.00418931086919198,14.607
-0.6038050697209225,-0.9354568679373606,-7.105427357601002e-15,-0.47515122141408433,-0.474294810670595,5.551115123125783e-17,-1.1903239230892544,-0.8307217694504697,0.6547709987317392,0.18792292298464017,0.05319870763781141,0.5153859633438179,-0.7411449079959138,1.5166215683870141,-0.9174590803480297,14.598
1.851997809029244,0.5189232383544352,-7.105427357601002e-15,-1.460514962314501,-1.4595136174060386,5.551115123125783e-17,0.8647829052107482,-0.5347561187960547,-0.14848245581179167,-0.03554748899050285,-0.44487254833720674,0.5153859633438179,-0.7411449079959138,-0.9082094275805904,0.9258377020864137,14.613
-0.6038050697209225,-0.5919025121204012,-7.105427357601002e-15,0.17469404668741828,0.1754548736607884,5.551115123125783e-17,0.22242026813702018,0.9450721344760205,-0.014595723942494771,0.5231564761455727,0.5512948684208058,0.5153859633438179,1.3492638068636247,0.6073099448991625,0.9258377020864137,14.599
-1.0503322902775598,-0.40867352235135596,-7.105427357601002e-15,1.1741839971491597,1.1747978121762237,5.551115123125783e-17,-0.8050071431418903,0.3531408331671904,-0.014595723942494771,0.18792292298464017,0.05319870763781141,0.5153859633438179,-0.7411449079959138,-0.12013935389111634,0.00418931086919198,14.594
-1.0503322902775598,-0.236896344442876,-7.105427357601002e-15,1.2660107216363898,1.2666110301489726,5.551115123125783e-17,0.22242026813702018,0.9450721344760205,0.5208842668624423,0.18792292298464017,0.5512948684208058,0.5153859633438179,1.3492638068636247,-0.6051055530846399,0.00418931086919198,14.589
-1.0503322902775598,-0.08802279025552733,-7.105427357601002e-15,1.121207166562672,1.1218287737911183,5.551115123125783e-17,0.9930538280316589,0.5011236584943979,0.2531375777927639,0.18792292298464017,0.05319870763781141,0.5153859633438179,1.3492638068636247,-0.4232432283870669,0.9258377020864137,14.582
-0.15728995345309935,-0.05366735467383133,-7.105427357601002e-15,-0.20320523616871558,-0.2023888251356411,5.551115123125783e-17,-0.034373583247161985,-0.5347561187960547,0.2531375777927639,0.7466268881207158,0.5512948684208058,0.5153859633438179,-0.7411449079959138,0.910413819395113,-0.9174590803480297,14.61
-1.0503322902775598,0.6219895450995232,-7.105427357601002e-15,1.467321296328652,1.4678919946791877,5.551115123125783e-17,0.8647829052107482,-0.23879046814163965,0.5208842668624423,0.7466268881207158,0.8003678536203501,0.5153859633438179,1.3492638068636247,0.06172297080645228,1.8474860933036354,14.591
-0.8270686799992412,-0.07657097839496199,-7.105427357601002e-15,0.5208081764533984,0.5109239960648486,5.551115123125783e-17,0.4792141195211128,-0.6827389441232622,-0.14848245581179167,-0.37078104215143537,-0.44487254833720674,0.5153859633438179,-0.7411449079959138,-1.817521051068442,0.00418931086919198,14.582
1.4054705884724692,-0.6949688188654892,-7.105427357601002e-15,-0.9625361722862775,-0.9616080735681418,5.551115123125783e-17,-1.0620530002683437,0.7970893091488129,0.5208842668624423,-0.03554748899050285,0.8003678536203501,0.5153859633438179,-0.7411449079959138,-0.5444847781854488,-0.9174590803480297,14.609
-0.8270686799992412,-0.21399272072174533,-7.105427357601002e-15,0.4713618984611734,0.472079089459739,5.551115123125783e-17,0.0938973395737487,-0.6827389441232622,-0.14848245581179167,0.5231564761455727,0.05319870763781141,-1.7986012761066215,-0.7411449079959138,-1.7569002761692512,0.00418931086919198,14.596
1.1822796039279984,1.2289355737094845,-7.105427357601002e-15,-0.9731300114423078,-0.9722003545084917,5.551115123125783e-17,-1.3188468516524363,-0.38677329346884715,0.6547709987317392,-0.03554748899050285,0.05319870763781141,0.5153859633438179,-0.7411449079959138,-0.4232432283870669,0.00418931086919198,14.61
-1.0503322902775598,-0.6720651951443586,-7.105427357601002e-15,1.495575896824543,1.4961424392915612,5.551115123125783e-17,-0.6767362203209796,-0.9787045947776772,0.6547709987317392,1.0818604412816482,0.8003678536203501,0.5153859633438179,-0.7411449079959138,0.18296452060483423,-0.9174590803480297,14.593
1.1822796039279984,-0.71787244258662,-7.105427357601002e-15,-0.9731300114423078,-0.9722003545084917,5.551115123125783e-17,-0.16289651181034392,-0.23879046814163965,0.5208842668624423,0.18792292298464017,-0.44487254833720674,-1.7986012761066215,-0.7411449079959138,-0.30200167858868926,0.00418931086919198,14.612
-1.0503322902775598,-0.5346434528175746,-7.105427357601002e-15,1.2730740081981573,1.273673277793336,5.551115123125783e-17,0.35094319670020213,-0.5347561187960547,0.6547709987317392,0.7466268881207158,0.5512948684208058,0.5153859633438179,-0.7411449079959138,0.18296452060483423,0.9258377020864137,14.588
-0.8270686799992412,1.2289355737094845,-7.105427357601002e-15,0.7644995612028719,0.765173635471434,5.551115123125783e-17,-1.8326865601629823,0.9450721344760205,-0.41622914488147006,0.5231564761455727,0.05319870763781141,0.5153859633438179,-0.7411449079959138,-1.7569002761692512,-0.9174590803480297,14.589
1.1822796039279984,-0.07657097839496199,-7.105427357601002e-15,-0.8777723707986045,-0.8768567397310212,5.551115123125783e-17,-0.41969036319452613,0.2051580078399829,0.5208842668624423,0.18792292298464017,0.05319870763781141,0.5153859633438179,-0.7411449079959138,-0.24138090368949827,-1.8391074715652516,14.608
-1.2735959005558786,-0.43157714607248665,-7.105427357601002e-15,1.5202981269151397,1.5137987854199297,5.551115123125783e-17,2.0207332450528406,0.5011236584943979,0.5208842668624423,0.18792292298464017,0.5512948684208058,0.5153859633438179,-0.7411449079959138,0.6679307197983534,0.00418931086919198,14.588
1.851997809029244,-0.5804507002598359,-7.105427357601002e-15,-1.4569822283469964,-1.4559814030576617,5.551115123125783e-17,0.8647829052107482,0.2051580078399829,-0.14848245581179167,-0.03554748899050285,0.5512948684208058,0.5153859633438179,1.3492638068636247,-0.9082094275805904,0.9258377020864137,14.612
-0.38055356373155563,-0.236896344442876,-7.105427357601002e-15,-0.3444760572749329,-0.34363886714512265,5.551115123125783e-17,0.4792141195211128,-0.9787045947776772,0.2531375777927639,0.5231564761455727,0.5512948684208058,-1.7986012761066215,1.3492638068636247,0.9710345942943039,0.00418931086919198,14.607
-0.38055356373155563,0.38150149602765127,-7.105427357601002e-15,0.10759137010181226,0.10836206700442243,5.551115123125783e-17,0.0938973395737487,-0.9787045947776772,-0.014595723942494771,-0.03554748899050285,0.05319870763781141,-1.7986012761066215,-0.7411449079959138,-0.24138090368949827,-0.9174590803480297,14.6
-0.8270686799992412,-0.3628662749090946,-7.105427357601002e-15,0.3159648677936315,0.3167049156702658,5.551115123125783e-17,-1.0620530002683437,-0.38677329346884715,0.6547709987317392,0.5231564761455727,0.5512948684208058,-1.7986012761066215,1.3492638068636247,-1.3325548518749186,0.9258377020864137,14.593
0.5125008773818566,-0.339962651187964,-7.105427357601002e-15,-0.9660667248805404,-0.9651381068641284,5.551115123125783e-17,-1.0620530002683437,1.5370034357848341,0.5208842668624423,-0.03554748899050285,0.05319870763781141,0.5153859633438179,1.3492638068636247,0.18296452060483423,0.00418931086919198,14.609
0.7357644876603129,-0.4544807697936173,-7.105427357601002e-15,-1.238012710125909,-1.2370440923990822,5.551115123125783e-17,-0.41969036319452613,-0.38677329346884715,0.2531375777927639,0.7466268881207158,0.8003678536203501,0.5153859633438179,-0.7411449079959138,0.4860683951007848,0.00418931086919198,14.61
-0.6038050697209225,0.4960196146333046,-7.105427357601002e-15,0.00516862508530994,0.005954387038933311,5.551115123125783e-17,-0.16289651181034392,0.9450721344760205,0.5208842668624423,0.5231564761455727,0.05319870763781141,0.5153859633438179,-0.7411449079959138,1.6984838930845871,0.00418931086919198,14.593
0.289237267103538,-0.6720651951443586,-7.105427357601002e-15,-0.30562579981197596,-0.3047943240487399,5.551115123125783e-17,-1.4473697802156182,0.6491064838216054,0.5208842668624423,0.4114045090390577,0.05319870763781141,0.5153859633438179,1.3492638068636247,0.6679307197983534,-0.9174590803480297,14.611
-1.2735959005558786,-0.06511916653439667,-7.105427357601002e-15,1.1706534445548968,1.171267778880237,5.551115123125783e-17,-0.41969036319452613,-1.1266874201048847,0.2531375777927639,0.5231564761455727,0.5512948684208058,0.5153859633438179,-0.7411449079959138,0.06172297080645228,0.00418931086919198,14.588
-0.8270686799992412,0.6907004162629152,-7.105427357601002e-15,1.2801369311977142,1.2807351619289642,5.551115123125783e-17,0.4792141195211128,-0.38677329346884715,0.5208842668624423,0.5231564761455727,0.05319870763781141,0.5153859633438179,1.3492638068636247,-0.4232432283870669,0.00418931086919198,14.588
-0.38055356373155563,0.7823149111474379,-7.105427357601002e-15,-0.04427547153367312,-0.043482436997795235,5.551115123125783e-17,0.0938973395737487,-0.5347561187960547,-0.014595723942494771,0.18792292298464017,0.05319870763781141,0.5153859633438179,1.3492638068636247,1.3953800185886365,0.00418931086919198,14.595
-1.2735959005558786,-0.44302895793305197,-7.105427357601002e-15,1.4708540302961566,1.4714242090275644,5.551115123125783e-17,0.7362599766475663,-0.09080764281443213,0.5208842668624423,0.7466268881207158,0.5512948684208058,0.5153859633438179,-0.7411449079959138,0.910413819395113,-0.9174590803480297,14.586
1.4054705884724692,-0.9698123035190566,-7.105427357601002e-15,-0.1537611395497325,-0.15295200109891258,5.551115123125783e-17,1.5068935365422944,1.2410377851304355,-3.093696035578406,-3.387771279806956,-3.1844263374518644,-1.7986012761066215,1.3492638068636247,-1.029450977378968,0.9258377020864137,14.605
-0.38055356373155563,-0.236896344442876,-7.105427357601002e-15,0.12524995006843523,0.122485835275683,5.551115123125783e-17,-0.29141944037361545,-0.6827389441232622,0.2531375777927639,1.0818604412816482,0.8003678536203501,0.5153859633438179,-0.7411449079959138,1.2135176938910637,0.00418931086919198,14.596
-0.6038050697209225,-0.9011014323556645,-7.105427357601002e-15,-0.03721254853411193,-0.03642055286216288,5.551115123125783e-17,-0.548213291757708,0.3531408331671904,0.9225043004669978,-0.03554748899050285,0.05319870763781141,0.5153859633438179,-0.7411449079959138,1.577242343286205,1.8474860933036354,14.608
0.289237267103538,0.7708630992868726,-7.105427357601002e-15,0.07227348304415789,0.07304937474768962,5.551115123125783e-17,-0.548213291757708,0.2051580078399829,0.2531375777927639,0.5231564761455727,0.5512948684208058,0.5153859633438179,-0.7411449079959138,0.7891722695967354,1.8474860933036354,14.601
-1.0503322902775598,-0.11092641397665799,-7.105427357601002e-15,1.1070809570013473,1.1077046420111267,5.551115123125783e-17,0.0938973395737487,0.2051580078399829,0.6547709987317392,0.9701084741751332,0.8003678536203501,0.5153859633438179,-0.7411449079959138,0.18296452060483423,-1.8391074715652516,14.587
-1.0503322902775598,-0.1910890970006147,-7.105427357601002e-15,1.6050597470295709,1.6056101858490235,5.551115123125783e-17,0.8647829052107482,0.7970893091488129,0.2531375777927639,0.4114045090390577,0.5512948684208058,0.5153859633438179,1.3492638068636247,0.910413819395113,-0.9174590803480297,14.586
-0.38055356373155563,-0.7636796900288813,-7.105427357601002e-15,-0.31975419074654243,-0.3189206368811218,5.551115123125783e-17,0.22242026813702018,-0.09080764281443213,0.5208842668624423,-0.03554748899050285,0.05319870763781141,0.5153859633438179,-0.7411449079959138,1.092276144092686,0.9258377020864137,14.601
1.4054705884724692,0.4273087434699126,-7.105427357601002e-15,-1.0402348694011516,-1.039295342217244,5.551115123125783e-17,-0.41969036319452613,-0.8307217694504697,0.5208842668624423,0.4114045090390577,0.05319870763781141,-1.7986012761066215,-0.7411449079959138,-0.4232432283870669,0.9258377020864137,14.611
-0.6038050697209225,0.015043516489560654,-7.105427357601002e-15,0.9975952889852837,0.9982350779100052,5.551115123125783e-17,-0.29141944037361545,0.6491064838216054,0.5208842668624423,0.18792292298464017,0.5512948684208058,0.5153859633438179,-0.7411449079959138,-1.029450977378968,0.00418931086919198,14.589
0.9590159936496798,0.7365076637051765,-7.105427357601002e-15,-1.1320597760773503,-1.1311067426463377,5.551115123125783e-17,-1.5756407030366184,0.5011236584943979,0.6547709987317392,0.18792292298464017,0.8003678536203501,0.5153859633438179,-0.7411449079959138,0.06172297080645228,0.9258377020864137,14.612
1.6287341987507877,-0.9812641153796219,-7.105427357601002e-15,-0.623485329082065,-0.6226071003244358,5.551115123125783e-17,-1.0620530002683437,2.572883213075303,-1.4872159011602597,-1.7116593843987296,-1.9391859354943077,0.5153859633438179,1.3492638068636247,-1.4537964016733005,-0.9174590803480297,14.602
-1.0503322902775598,0.6677967925417846,-7.105427357601002e-15,1.2872002177594817,1.2877974095733276,5.551115123125783e-17,0.35094319670020213,-0.38677329346884715,0.5208842668624423,0.5231564761455727,0.8003678536203501,0.5153859633438179,-0.7411449079959138,-0.9082094275805904,0.00418931086919198,14.59
-0.8270686799992412,1.835881602319447,-7.105427357601002e-15,1.4355365068007044,1.4361118802795587,5.551115123125783e-17,0.22242026813702018,-0.23879046814163965,0.5208842668624423,0.5231564761455727,0.05319870763781141,0.5153859633438179,-0.7411449079959138,0.30420607040321185,0.9258377020864137,14.594
-0.38055356373155563,-0.29415540374570265,-7.105427357601002e-15,-0.12197416864854721,-0.1317638041309024,5.551115123125783e-17,-0.034373583247161985,-0.09080764281443213,0.2531375777927639,-0.03554748899050285,0.05319870763781141,0.5153859633438179,1.3492638068636247,1.2135176938910637,-0.9174590803480297,14.603
1.1822796039279984,-1.2332039763120592,-7.105427357601002e-15,-1.2874589881181342,-1.3253254595321895,5.551115123125783e-17,-0.16289651181034392,0.6491064838216054,0.5208842668624423,0.5231564761455727,-0.44487254833720674,-1.7986012761066215,-0.7411449079959138,-0.4232432283870669,1.8474860933036354,14.607
-0.8270686799992412,-0.40867352235135596,-7.105427357601002e-15,0.48902084198999846,0.4897354355881033,5.551115123125783e-17,0.0938973395737487,-0.38677329346884715,0.6547709987317392,-0.03554748899050285,0.05319870763781141,-1.7986012761066215,1.3492638068636247,-1.3325548518749186,-0.9174590803480297,14.586
-0.8270686799992412,0.6334413569600885,-7.105427357601002e-15,1.2200971776116694,1.2207042394082306,5.551115123125783e-17,0.0938973395737487,0.2051580078399829,0.2531375777927639,0.7466268881207158,0.5512948684208058,0.5153859633438179,-0.7411449079959138,-0.8475886526813994,0.9258377020864137,14.597
0.289237267103538,0.7136040399840459,-7.105427357601002e-15,-0.25971443716049764,-0.2588897143603882,5.551115123125783e-17,0.0938973395737487,0.2051580078399829,0.5208842668624423,0.4114045090390577,-0.44487254833720674,0.5153859633438179,-0.7411449079959138,0.7891722695967354,0.9258377020864137,14.598
1.851997809029244,-1.2332039763120592,-7.105427357601002e-15,-1.326307064207845,-1.3288576738805662,5.551115123125783e-17,0.7362599766475663,0.5011236584943979,-0.014595723942494771,-0.03554748899050285,0.05319870763781141,0.5153859633438179,-0.7411449079959138,-0.8475886526813994,0.9258377020864137,14.613
-0.6038050697209225,0.8395739704502645,-7.105427357601002e-15,0.619696006129154,0.6133291314692164,5.551115123125783e-17,0.8647829052107482,0.5011236584943979,0.5208842668624423,0.5231564761455727,0.5512948684208058,-1.7986012761066215,-0.7411449079959138,1.3953800185886365,-0.9174590803480297,14.601
-1.2735959005558786,0.4960196146333046,-7.105427357601002e-15,1.1812491015219586,1.1818618773642422,5.551115123125783e-17,0.9930538280316589,0.7970893091488129,0.6547709987317392,0.4114045090390577,0.05319870763781141,-1.7986012761066215,-0.7411449079959138,0.36482684530240284,-0.9174590803480297,14.596
-1.0503322902775598,-0.4888362053753133,-7.105427357601002e-15,1.4320037728331996,1.4325796659311818,5.551115123125783e-17,0.8647829052107482,-0.23879046814163965,0.5208842668624423,0.18792292298464017,0.5512948684208058,0.5153859633438179,-0.7411449079959138,-0.30200167858868926,-0.9174590803480297,14.592
0.5125008773818566,-0.7636796900288813,-7.105427357601002e-15,-1.1461881670119167,-1.1452330554787196,5.551115123125783e-17,-0.16289651181034392,0.5011236584943979,0.6547709987317392,0.4114045090390577,0.05319870763781141,0.5153859633438179,1.3492638068636247,0.18296452060483423,-0.9174590803480297,14.609
1.851997809029244,0.5303750502150005,-7.105427357601002e-15,-1.259204387622239,-1.2688267513598326,5.551115123125783e-17,0.6077370480843843,-0.6827389441232622,-0.41622914488147006,-0.03554748899050285,0.05319870763781141,0.5153859633438179,1.3492638068636247,-1.029450977378968,0.00418931086919198,14.613
0.7357644876603129,-1.5996619558501493,-7.105427357601002e-15,-1.7925007011459146,-1.7914505254617261,5.551115123125783e-17,-2.474797191494529,-2.60651567337696,-3.361429337313665,-3.164300867831813,-2.4372820962773023,-1.7986012761066215,-0.7411449079959138,0.36482684530240284,-1.8391074715652516,14.607
0.7357644876603129,1.492327246502487,-7.105427357601002e-15,-0.913090257856263,-0.9121694319877581,5.551115123125783e-17,-1.0620530002683437,0.9450721344760205,0.6547709987317392,0.4114045090390577,0.8003678536203501,0.5153859633438179,-0.7411449079959138,0.001102195907261307,-0.9174590803480297,14.61
1.6287341987507877,-0.6949688188654892,-7.105427357601002e-15,-0.47868395538158903,-0.47782702501897184,5.551115123125783e-17,-0.16289651181034392,2.720866038402494,-1.3533291692909628,-1.4881889724235864,-1.6901129502947636,0.5153859633438179,1.3492638068636247,-1.4537964016733005,0.9258377020864137,14.598
-1.0503322902775598,1.9274960972039696,-7.105427357601002e-15,1.5132348403533722,1.5102665710715528,5.551115123125783e-17,1.1215767565949304,0.05717518251277539,0.6547709987317392,0.4114045090390577,0.05319870763781141,0.5153859633438179,1.3492638068636247,0.7891722695967354,0.9258377020864137,14.586
0.0659736568252193,-0.39722171049079064,-7.105427357601002e-15,-0.6552726635454608,-0.6543897592851862,5.551115123125783e-17,-0.034373583247161985,-0.09080764281443213,0.2531375777927639,0.5231564761455727,0.8003678536203501,0.5153859633438179,1.3492638068636247,0.9710345942943039,0.00418931086919198,14.606
-0.6038050697209225,-0.3628662749090946,-7.105427357601002e-15,0.88811143878026,0.8887673313525472,5.551115123125783e-17,0.22242026813702018,-0.6827389441232622,0.5208842668624423,-0.03554748899050285,0.05319870763781141,0.5153859633438179,1.3492638068636247,-1.15069252717735,-1.8391074715652516,14.587
-0.38055356373155563,0.4387605553304779,-7.105427357601002e-15,0.25945566680184945,0.2602040264455187,5.551115123125783e-17,0.6077370480843843,-0.9787045947776772,-0.014595723942494771,0.18792292298464017,0.8003678536203501,0.5153859633438179,1.3492638068636247,1.3953800185886365,1.8474860933036354,14.601
-1.0503322902775598,1.8129779785983164,-7.105427357601002e-15,1.5874008035007416,1.587953839720655,5.551115123125783e-17,0.35094319670020213,1.093054959803228,0.2531375777927639,0.4114045090390577,0.8003678536203501,0.5153859633438179,1.3492638068636247,0.7891722695967354,0.00418931086919198,14.586
0.9590159936496798,-0.9469086797979259,-7.105427357601002e-15,-1.2203537665970798,-1.2193877462707137,5.551115123125783e-17,-0.548213291757708,-1.2746702454320922,0.5208842668624423,0.18792292298464017,0.5512948684208058,0.5153859633438179,-0.7411449079959138,-0.12013935389111634,0.00418931086919198,14.609
-0.8270686799992412,0.11810982323464864,-7.105427357601002e-15,1.05410448997707,1.0547359671347565,5.551115123125783e-17,-0.034373583247161985,-1.1266874201048847,0.2531375777927639,-0.03554748899050285,0.05319870763781141,0.5153859633438179,-0.7411449079959138,-1.15069252717735,0.00418931086919198,14.594
1.851997809029244,0.6563449806812192,-7.105427357601002e-15,-1.4711106192815628,-1.4701077158900437,5.551115123125783e-17,-0.548213291757708,0.5011236584943979,-0.014595723942494771,-0.03554748899050285,0.05319870763781141,0.5153859633438179,-0.7411449079959138,-0.7263471028830175,0.00418931086919198,14.609
0.9590159936496798,-1.5538547084078884,-7.105427357601002e-15,-0.9448775923196587,-0.9439520909485085,5.551115123125783e-17,2.7913668049475686,0.9450721344760205,-3.361429337313665,-4.616931177185623,-4.180593754209877,-1.7986012761066215,-0.7411449079959138,-0.24138090368949827,-0.9174590803480297,14.606
-1.0503322902775598,0.15246525881634462,-7.105427357601002e-15,1.3048587977261048,1.305453392192965,5.551115123125783e-17,0.4792141195211128,0.3531408331671904,0.6547709987317392,0.4114045090390577,0.05319870763781141,0.5153859633438179,1.3492638068636247,0.7891722695967354,-1.8391074715652516,14.587
0.7357644876603129,-0.22544453258231067,-7.105427357601002e-15,-1.3121808546465203,-1.3147313610481843,5.551115123125783e-17,-1.8326865601629823,0.2051580078399829,0.6547709987317392,0.18792292298464017,0.5512948684208058,0.5153859633438179,-0.7411449079959138,0.001102195907261307,-0.9174590803480297,14.606
0.5125008773818566,-0.5689988883992706,-7.105427357601002e-15,-0.4468966209181933,-0.44604436605822145,5.551115123125783e-17,-0.29141944037361545,1.2410377851304355,0.2531375777927639,0.7466268881207158,0.8003678536203501,0.5153859633438179,-0.7411449079959138,0.4860683951007848,0.9258377020864137,14.616
-1.0503322902775598,-1.187396728869798,-7.105427357601002e-15,0.015764282052371705,0.016548485522938392,5.551115123125783e-17,-0.6767362203209796,-0.23879046814163965,-0.014595723942494771,0.18792292298464017,0.05319870763781141,0.5153859633438179,-0.7411449079959138,1.577242343286205,0.00418931086919198,14.603
0.7357644876603129,-1.0270713628218833,-7.105427357601002e-15,-2.6613154874685003,-2.660137520451685,5.551115123125783e-17,-3.245430751389257,-3.9383611013218274,-3.361429337313665,-2.2703633495348052,-1.6901129502947636,-1.7986012761066215,-0.7411449079959138,0.6073099448991625,0.9258377020864137,14.602
1.851997809029244,-0.08802279025552733,-7.105427357601002e-15,-1.3616249512655034,-1.3641700026285681,5.551115123125783e-17,0.35094319670020213,-0.23879046814163965,-0.14848245581179167,-0.03554748899050285,0.05319870763781141,0.5153859633438179,1.3492638068636247,-0.8475886526813994,-0.9174590803480297,14.607
-0.38055356373155563,0.7708630992868726,-7.105427357601002e-15,0.6338243970637205,0.6345176919459617,5.551115123125783e-17,0.0938973395737487,-0.09080764281443213,0.2531375777927639,0.4114045090390577,0.05319870763781141,0.5153859633438179,-0.7411449079959138,1.2741384687902546,0.9258377020864137,14.602
-1.0503322902775598,0.11810982323464864,-7.105427357601002e-15,1.1671207105873922,1.1677355645318603,5.551115123125783e-17,1.6354164651054763,-0.6827389441232622,0.2531375777927639,-0.03554748899050285,0.5512948684208058,0.5153859633438179,-0.7411449079959138,-0.7263471028830175,-0.9174590803480297,14.589
0.289237267103538,-0.7636796900288813,-7.105427357601002e-15,-1.209758109630018,-1.2087936477867087,5.551115123125783e-17,-1.0620530002683437,-0.38677329346884715,0.5208842668624423,0.18792292298464017,0.8003678536203501,-1.7986012761066215,-0.7411449079959138,0.6679307197983534,-0.9174590803480297,14.61
-1.0503322902775598,-0.477384393514748,-7.105427357601002e-15,1.3931531518080407,1.393734759326072,5.551115123125783e-17,-0.034373583247161985,-0.9787045947776772,0.2531375777927639,0.18792292298464017,0.5512948684208058,0.5153859633438179,1.3492638068636247,-0.5444847781854488,0.9258377020864137,14.589
-1.0503322902775598,-0.8667459967739686,-7.105427357601002e-15,1.205970968050345,1.206580107628239,5.551115123125783e-17,-0.9335300717050722,0.6491064838216054,0.5208842668624423,-0.03554748899050285,0.5512948684208058,0.5153859633438179,-0.7411449079959138,-1.029450977378968,1.8474860933036354,14.589
-0.6038050697209225,0.6334413569600885,-7.105427357601002e-15,-0.333880400307867,-0.33304476866111343,5.551115123125783e-17,0.0938973395737487,-0.8307217694504697,0.2531375777927639,0.18792292298464017,0.05319870763781141,0.5153859633438179,-0.7411449079959138,1.2741384687902546,0.00418931086919198,14.599
-0.8270686799992412,1.492327246502487,-7.105427357601002e-15,0.14997218015902783,0.15073664339678758,5.551115123125783e-17,-1.4473697802156182,-0.09080764281443213,0.2531375777927639,-0.03554748899050285,0.05319870763781141,-1.7986012761066215,-0.7411449079959138,-0.5444847781854488,0.00418931086919198,14.597
1.4054705884724692,-1.0614267984035792,-7.105427357601002e-15,-0.9519405153192158,-0.9510139750841368,5.551115123125783e-17,1.378370607979023,-0.09080764281443213,-0.6839624466167288,-0.03554748899050285,-0.44487254833720674,0.5153859633438179,1.3492638068636247,-1.15069252717735,-0.9174590803480297,14.606
-1.2735959005558786,-0.7293242544471853,-7.105427357601002e-15,1.340176684783759,1.3407660844496978,5.551115123125783e-17,0.35094319670020213,-0.9787045947776772,0.2531375777927639,-0.03554748899050285,0.5512948684208058,0.5153859633438179,-0.7411449079959138,-0.7263471028830175,0.9258377020864137,14.594
1.6287341987507877,-1.164493105148667,-7.105427357601002e-15,-0.21733144573004012,-0.21651295691563271,5.551115123125783e-17,2.662843876384387,0.9450721344760205,-2.6920626146394304,-2.046892937559662,-2.4372820962773023,-1.7986012761066215,1.3492638068636247,-1.7569002761692512,-2.760755862782473,14.605
-0.15728995345309935,2.1565323344152763,-7.105427357601002e-15,-0.7470972066594531,-0.7462007962055489,5.551115123125783e-17,-0.6767362203209796,-0.5347561187960547,0.6547709987317392,0.18792292298464017,0.05319870763781141,0.5153859633438179,-0.7411449079959138,1.092276144092686,1.8474860933036354,14.598
0.9590159936496798,-1.5080474609656271,-7.105427357601002e-15,-0.7470972066594531,-0.7462007962055489,5.551115123125783e-17,1.6354164651054763,1.684986261112058,-3.361429337313665,-4.058227212049546,-4.180593754209877,-1.7986012761066215,-0.7411449079959138,-0.6051055530846399,-0.9174590803480297,14.604
2.075249315018611,-0.6720651951443586,-7.105427357601002e-15,-1.4251970752568426,-1.4242009251493017,5.551115123125783e-17,0.8647829052107482,-1.1266874201048847,0.5208842668624423,0.18792292298464017,0.05319870763781141,-1.7986012761066215,-0.7411449079959138,-0.7263471028830175,2.769134484520857,14.607
0.7357644876603129,-0.44302895793305197,-7.105427357601002e-15,-1.2344825210938526,-1.2335144226118269,5.551115123125783e-17,-1.4473697802156182,-0.8307217694504697,0.6547709987317392,0.5231564761455727,0.5512948684208058,0.5153859633438179,-0.7411449079959138,0.001102195907261307,-0.9174590803480297,14.608
1.6287341987507877,-1.4622402135233659,-7.105427357601002e-15,-0.30562579981197596,-0.3047943240487399,5.551115123125783e-17,0.9930538280316589,0.5011236584943979,-2.8259493465087275,-2.2703633495348052,-2.9353533522523203,-1.7986012761066215,1.3492638068636247,-1.635658726370869,-0.9174590803480297,14.604
0.7357644876603129,-0.9698123035190566,-7.105427357601002e-15,-1.0296392124340898,-1.0287012437332388,5.551115123125783e-17,-1.5756407030366184,0.05717518251277539,0.5208842668624423,0.4114045090390577,0.5512948684208058,0.5153859633438179,-0.7411449079959138,-0.12013935389111634,-0.9174590803480297,14.609
0.5125008773818566,-0.54609526467814,-7.105427357601002e-15,-0.595230728586174,-0.5943566557120622,5.551115123125783e-17,0.4792141195211128,1.093054959803228,0.5208842668624423,0.5231564761455727,0.05319870763781141,-1.7986012761066215,-0.7411449079959138,0.36482684530240284,-0.9174590803480297,14.602
1.6287341987507877,-0.4544807697936173,-7.105427357601002e-15,-0.7470972066594531,-0.7462007962055489,5.551115123125783e-17,-1.7041636315998003,1.2410377851304355,-1.085595867555704,-1.1529554192626539,-1.1920416943197454,0.5153859633438179,1.3492638068636247,-1.211313302076541,0.00418931086919198,14.609
1.4054705884724692,-1.1988485407303633,-7.105427357601002e-15,-1.2132908435975187,-1.2123258621350814,5.551115123125783e-17,0.6077370480843843,-0.09080764281443213,-0.41622914488147006,-0.03554748899050285,0.05319870763781141,0.5153859633438179,1.3492638068636247,-1.029450977378968,1.8474860933036354,14.608
-1.0503322902775598,0.33569424858538993,-7.105427357601002e-15,1.2801369311977142,1.2807351619289642,5.551115123125783e-17,-0.16289651181034392,1.093054959803228,0.6547709987317392,0.4114045090390577,0.05319870763781141,0.5153859633438179,1.3492638068636247,0.36482684530240284,0.00418931086919198,14.59
0.289237267103538,-0.37431808676966,-7.105427357601002e-15,-0.623485329082065,-0.6226071003244358,5.551115123125783e-17,-1.9609574829839826,-0.23879046814163965,0.6547709987317392,0.18792292298464017,0.05319870763781141,-1.7986012761066215,-0.7411449079959138,0.7891722695967354,0.9258377020864137,14.607
-1.0503322902775598,0.22117612997973662,-7.105427357601002e-15,1.2872002177594817,1.2877974095733276,5.551115123125783e-17,0.0938973395737487,-0.9787045947776772,0.2531375777927639,0.18792292298464017,0.05319870763781141,0.5153859633438179,1.3492638068636247,0.7891722695967354,0.00418931086919198,14.587
-0.6038050697209225,-0.16818547327948402,-7.105427357601002e-15,0.4254508993719013,0.42617484328011834,5.551115123125783e-17,0.0938973395737487,-0.6827389441232622,-0.14848245581179167,0.9701084741751332,0.5512948684208058,-1.7986012761066215,-0.7411449079959138,-1.635658726370869,0.9258377020864137,14.592
-1.0503322902775598,-0.07657097839496199,-7.105427357601002e-15,0.6797379410884408,0.6804244826867037,5.551115123125783e-17,0.6077370480843843,-0.6827389441232622,-0.41622914488147006,0.7466268881207158,0.05319870763781141,-1.7986012761066215,-0.7411449079959138,-1.7569002761692512,0.9258377020864137,14.594
0.9590159936496798,0.08375438765295264,-7.105427357601002e-15,-1.1603143765732413,-1.1593571872587112,5.551115123125783e-17,-0.16289651181034392,0.7970893091488129,0.6547709987317392,0.5231564761455727,0.8003678536203501,0.5153859633438179,1.3492638068636247,0.06172297080645228,1.8474860933036354,14.614
-0.8270686799992412,0.46166417905160856,-7.105427357601002e-15,1.4814475058899765,1.4820161264591794,5.551115123125783e-17,-0.034373583247161985,-0.23879046814163965,0.2531375777927639,0.4114045090390577,0.8003678536203501,0.5153859633438179,-0.7411449079959138,-0.7263471028830175,-0.9174590803480297,14.589
-0.8270686799992412,-0.15673366141891867,-7.105427357601002e-15,1.3472421527187686,1.3478305131464514,5.551115123125783e-17,1.2500996851581123,-0.23879046814163965,0.6547709987317392,0.5231564761455727,-0.44487254833720674,-1.7986012761066215,-0.7411449079959138,0.30420607040321185,-0.9174590803480297,14.591
-0.6038050697209225,-0.7064206307260545,-7.105427357601002e-15,0.12171721610093052,0.122485835275683,5.551115123125783e-17,-1.1903239230892544,1.389020610457643,0.6547709987317392,0.18792292298464017,0.05319870763781141,0.5153859633438179,-0.7411449079959138,1.577242343286205,-0.9174590803480297,14.596
1.4054705884724692,0.08375438765295264,-7.105427357601002e-15,-0.14316548258267076,-0.1423579026149075,5.551115123125783e-17,1.5068935365422944,1.8329690864392492,-3.093696035578406,-3.723004832967889,-3.1844263374518644,-1.7986012761066215,1.3492638068636247,-1.029450977378968,0.9258377020864137,14.601
-0.38055356373155563,-0.477384393514748,-7.105427357601002e-15,-0.49987308794247065,-0.4990130409345917,5.551115123125783e-17,-0.8050071431418903,-0.8307217694504697,0.2531375777927639,0.18792292298464017,0.05319870763781141,0.5153859633438179,-0.7411449079959138,1.092276144092686,0.00418931086919198,14.598
-0.38055356373155563,1.2632910092911804,-7.105427357601002e-15,0.0969953495725442,0.09776760501168631,5.551115123125783e-17,-0.29141944037361545,0.6491064838216054,0.2531375777927639,0.4114045090390577,0.8003678536203501,0.5153859633438179,-0.7411449079959138,1.577242343286205,0.9258377020864137,14.597
0.9590159936496798,-2.011927182830501,-7.105427357601002e-15,-0.9413448583521541,-0.9404198766001317,5.551115123125783e-17,2.149004167873751,1.389020610457643,-3.361429337313665,-4.505179210079107,-4.180593754209877,-1.7986012761066215,1.3492638068636247,-0.4232432283870669,0.00418931086919198,14.602
-1.0503322902775598,-0.5002880172358787,-7.105427357601002e-15,0.128780502662698,0.12954808292004638,5.551115123125783e-17,0.8647829052107482,-0.9787045947776772,-0.014595723942494771,0.4114045090390577,0.5512948684208058,-1.7986012761066215,-0.7411449079959138,-1.211313302076541,0.9258377020864137,14.591
-1.2735959005558786,-0.6606133832837933,-7.105427357601002e-15,1.149461767058563,1.1500792184034918,5.551115123125783e-17,0.8647829052107482,-0.5347561187960547,0.2531375777927639,0.4114045090390577,0.05319870763781141,0.5153859633438179,-0.7411449079959138,0.4860683951007848,0.9258377020864137,14.587
-1.0503322902775598,0.5074714264938699,-7.105427357601002e-15,1.5909335374682463,1.5914860540690319,5.551115123125783e-17,-0.8050071431418903,-0.09080764281443213,0.2531375777927639,0.18792292298464017,0.5512948684208058,0.5153859633438179,-0.7411449079959138,-0.6051055530846399,0.00418931086919198,14.593
0.0659736568252193,-0.06511916653439667,-7.105427357601002e-15,-0.16788734911105707,-0.1670761328789042,5.551115123125783e-17,0.8647829052107482,-0.5347561187960547,-0.014595723942494771,0.18792292298464017,0.8003678536203501,0.5153859633438179,1.3492638068636247,0.9710345942943039,0.00418931086919198,14.605
0.7357644876603129,-0.15673366141891867,-7.105427357601002e-15,-0.9907885914089267,-0.989856337128125,5.551115123125783e-17,-0.41969036319452613,0.6491064838216054,-0.014595723942494771,0.5231564761455727,0.8003678536203501,0.5153859633438179,-0.7411449079959138,0.6073099448991625,-0.9174590803480297,14.61
0.289237267103538,-0.7293242544471853,-7.105427357601002e-15,-0.5669783094635249,-0.566108392152079,5.551115123125783e-17,-0.6767362203209796,-0.23879046814163965,0.5208842668624423,0.5231564761455727,0.05319870763781141,-1.7986012761066215,1.3492638068636247,0.6679307197983534,-0.9174590803480297,14.601
0.289237267103538,0.8166703467291339,-7.105427357601002e-15,-0.001894661476457552,-0.0011078606054300754,5.551115123125783e-17,-0.9335300717050722,1.093054959803228,0.2531375777927639,0.18792292298464017,0.05319870763781141,0.5153859633438179,-0.7411449079959138,0.7891722695967354,0.9258377020864137,14.613
0.9590159936496798,-1.908860876085413,-7.105427357601002e-15,-3.8373937825319073,-3.8360428297246036,5.551115123125783e-17,-2.9886369000050745,-4.234326751976242,-2.8259493465087275,-1.4881889724235864,-0.693945533536751,-1.7986012761066215,-0.7411449079959138,0.7891722695967354,0.00418931086919198,14.596
-1.0503322902775598,-0.03076373095270067,-7.105427357601002e-15,1.516765392947635,1.5173288187159162,5.551115123125783e-17,0.7362599766475663,0.3531408331671904,0.6547709987317392,0.18792292298464017,0.8003678536203501,0.5153859633438179,1.3492638068636247,0.4860683951007848,-0.9174590803480297,14.586
0.7357644876603129,0.5876341095178272,-7.105427357601002e-15,-0.8989640482949385,-0.8980453002077665,5.551115123125783e-17,0.6077370480843843,-0.6827389441232622,0.6547709987317392,-0.03554748899050285,0.05319870763781141,0.5153859633438179,-0.7411449079959138,-0.24138090368949827,-0.9174590803480297,14.609
-0.6038050697209225,4.870611745369257,-7.105427357601002e-15,0.42898108840395366,0.4297045130673697,5.551115123125783e-17,-0.16289651181034392,-0.5347561187960547,-0.014595723942494771,0.4114045090390577,0.5512948684208058,-1.7986012761066215,-0.7411449079959138,-1.4537964016733005,-0.9174590803480297,14.599
1.4054705884724692,-1.542402896547323,-7.105427357601002e-15,-0.4822145079758477,-0.4848889091546001,5.551115123125783e-17,0.8647829052107482,2.572883213075303,-1.3533291692909628,-1.4881889724235864,-1.1920416943197454,0.5153859633438179,1.3492638068636247,-1.4537964016733005,-1.8391074715652516,14.6
1.851997809029244,-0.01931191909213534,-7.105427357601002e-15,-1.1885689770691323,-1.1876076318710846,5.551115123125783e-17,0.9930538280316589,-1.4226530707592997,-0.6839624466167288,-0.03554748899050285,0.05319870763781141,0.5153859633438179,1.3492638068636247,-1.029450977378968,-0.9174590803480297,14.608
-0.8270686799992412,0.11810982323464864,-7.105427357601002e-15,0.5349343860147188,0.5321100119804685,5.551115123125783e-17,-0.41969036319452613,-0.5347561187960547,-0.014595723942494771,0.5231564761455727,0.5512948684208058,-1.7986012761066215,-0.7411449079959138,-1.635658726370869,0.00418931086919198,14.589
-1.2735959005558786,0.38150149602765127,-7.105427357601002e-15,1.0752958039111935,1.0759241641027666,5.551115123125783e-17,0.9930538280316589,-1.5706358960865072,0.2531375777927639,0.5231564761455727,0.05319870763781141,0.5153859633438179,-0.7411449079959138,0.4860683951007848,0.9258377020864137,14.593
0.5125008773818566,0.7250558518446112,-7.105427357601002e-15,-0.3444760572749329,-0.34363886714512265,5.551115123125783e-17,-0.8050071431418903,0.3531408331671904,0.5208842668624423,0.5231564761455727,0.05319870763781141,-1.7986012761066215,-0.7411449079959138,0.6679307197983534,1.8474860933036354,14.601
0.289237267103538,0.04939895207125665,-7.105427357601002e-15,-0.2773733806893269,-0.2765460604887567,5.551115123125783e-17,-0.16289651181034392,1.684986261112058,0.2531375777927639,0.5231564761455727,0.8003678536203501,0.5153859633438179,-0.7411449079959138,0.7891722695967354,0.00418931086919198,14.6
-1.0503322902775598,-0.17963728514004934,-7.105427357601002e-15,1.594466271435751,1.5950182684174086,5.551115123125783e-17,0.9930538280316589,-0.8307217694504697,0.2531375777927639,0.5231564761455727,0.05319870763781141,-1.7986012761066215,-0.7411449079959138,0.4860683951007848,0.00418931086919198,14.592
-0.8270686799992412,-0.1910890970006147,-7.105427357601002e-15,1.1529945010260676,1.1536114327518687,5.551115123125783e-17,0.0938973395737487,-0.23879046814163965,0.2531375777927639,-0.03554748899050285,0.5512948684208058,0.5153859633438179,1.3492638068636247,-0.6051055530846399,1.8474860933036354,14.588
1.6287341987507877,0.6677967925417846,-7.105427357601002e-15,-1.1391226990769074,-1.138168626781966,5.551115123125783e-17,-0.548213291757708,1.093054959803228,0.5208842668624423,-0.14729945609701786,0.8003678536203501,0.5153859633438179,-0.7411449079959138,-0.5444847781854488,1.8474860933036354,14.612
0.5125008773818566,-0.5575470765387053,-7.105427357601002e-15,-1.1461881670119167,-1.1558249729103343,5.551115123125783e-17,0.4792141195211128,-0.38677329346884715,0.2531375777927639,0.5231564761455727,0.5512948684208058,0.5153859633438179,-0.7411449079959138,0.4860683951007848,-0.9174590803480297,14.61
-0.6038050697209225,0.9769957127770472,-7.105427357601002e-15,0.580847930039439,0.5744867694252281,5.551115123125783e-17,-1.0620530002683437,0.05717518251277539,-0.014595723942494771,0.7466268881207158,0.8003678536203501,0.5153859633438179,1.3492638068636247,0.6679307197983534,1.8474860933036354,14.602
0.289237267103538,-0.08802279025552733,-7.105427357601002e-15,-0.47161848744657964,-0.4707625963222181,5.551115123125783e-17,-0.6767362203209796,1.093054959803228,0.2531375777927639,0.18792292298464017,-0.44487254833720674,0.5153859633438179,-0.7411449079959138,0.36482684530240284,-0.9174590803480297,14.606
-0.38055356373155563,5.088196170719999,-7.105427357601002e-15,-0.12197416864854721,-0.12116970564689733,5.551115123125783e-17,-0.29141944037361545,0.6491064838216054,0.5208842668624423,0.7466268881207158,0.5512948684208058,0.5153859633438179,-0.7411449079959138,1.5166215683870141,0.9258377020864137,14.594
-0.38055356373155563,0.9655439009164819,-7.105427357601002e-15,0.5490605955760434,0.5497663581088369,5.551115123125783e-17,0.7362599766475663,-0.38677329346884715,-0.014595723942494771,1.0818604412816482,0.8003678536203501,0.5153859633438179,-0.7411449079959138,0.9710345942943039,-0.9174590803480297,14.6
-0.6038050697209225,1.8129779785983164,-7.105427357601002e-15,-0.1537611395497325,-0.15295200109891258,5.551115123125783e-17,0.35094319670020213,-0.8307217694504697,0.2531375777927639,-0.03554748899050285,0.05319870763781141,0.5153859633438179,-0.7411449079959138,1.2741384687902546,-0.9174590803480297,14.602
0.9590159936496798,0.7250558518446112,-7.105427357601002e-15,-0.9766623818476021,-0.9757322053481334,5.551115123125783e-17,-1.3188468516524363,1.5370034357848341,0.6547709987317392,0.4114045090390577,0.5512948684208058,0.5153859633438179,1.3492638068636247,0.06172297080645228,-0.9174590803480297,14.612
-1.0503322902775598,0.34714606044595525,-7.105427357601002e-15,1.2448194077022663,1.2454228331809623,5.551115123125783e-17,0.4792141195211128,0.05717518251277539,0.6547709987317392,0.18792292298464017,0.05319870763781141,0.5153859633438179,-0.7411449079959138,-0.24138090368949827,0.00418931086919198,14.587
-0.8270686799992412,1.2632910092911804,-7.105427357601002e-15,1.1141442435631148,1.11476688965549,5.551115123125783e-17,-0.6767362203209796,-0.38677329346884715,0.2531375777927639,0.7466268881207158,0.8003678536203501,0.5153859633438179,-0.7411449079959138,-0.8475886526813994,-0.9174590803480297,14.589
1.6287341987507877,0.35859787230652057,-7.105427357601002e-15,-1.3616249512655034,-1.3606381517889263,5.551115123125783e-17,-0.6767362203209796,0.5011236584943979,0.5208842668624423,-0.03554748899050285,0.5512948684208058,0.5153859633438179,-0.7411449079959138,-0.6051055530846399,-0.9174590803480297,14.616
-0.38055356373155563,0.6563449806812192,-7.105427357601002e-15,-0.19967250220121088,-0.19885661078726424,5.551115123125783e-17,0.6077370480843843,-0.09080764281443213,0.2531375777927639,0.18792292298464017,0.5512948684208058,0.5153859633438179,-0.7411449079959138,1.577242343286205,-0.9174590803480297,14.6
-1.0503322902775598,0.07230257579238732,-7.105427357601002e-15,1.0964853000342856,1.0971105435271216,5.551115123125783e-17,-0.8050071431418903,-0.09080764281443213,-0.014595723942494771,0.18792292298464017,0.05319870763781141,0.5153859633438179,-0.7411449079959138,-0.12013935389111634,0.00418931086919198,14.587
-0.38055356373155563,2.85509285790976,-7.105427357601002e-15,0.019297016019876406,0.020080699871315257,5.551115123125783e-17,0.22242026813702018,-0.8307217694504697,0.2531375777927639,0.5231564761455727,0.8003678536203501,0.5153859633438179,-0.7411449079959138,1.3953800185886365,0.00418931086919198,14.599
-0.8270686799992412,1.8244297904588818,-7.105427357601002e-15,1.1812491015219586,1.1818618773642422,5.551115123125783e-17,0.8647829052107482,-0.38677329346884715,0.6547709987317392,0.18792292298464017,0.5512948684208058,0.5153859633438179,1.3492638068636247,-0.24138090368949827,0.00418931086919198,14.593
-0.6038050697209225,-0.8781978086345339,-7.105427357601002e-15,0.128780502662698,0.12954808292004638,5.551115123125783e-17,1.2500996851581123,-0.23879046814163965,0.6547709987317392,0.5231564761455727,0.5512948684208058,0.5153859633438179,1.3492638068636247,1.5166215683870141,-0.9174590803480297,14.601
-1.0503322902775598,-0.40867352235135596,-7.105427357601002e-15,0.128780502662698,0.12954808292004638,5.551115123125783e-17,-0.548213291757708,-0.23879046814163965,-0.014595723942494771,-0.03554748899050285,0.05319870763781141,-1.7986012761066215,-0.7411449079959138,-0.4232432283870669,0.00418931086919198,14.599
-0.38055356373155563,0.8281221585896992,-7.105427357601002e-15,-0.09371956815265206,-0.09291926103451964,5.551115123125783e-17,0.22242026813702018,0.6491064838216054,0.9225043004669978,-0.14729945609701786,0.05319870763781141,-1.7986012761066215,-0.7411449079959138,1.577242343286205,0.9258377020864137,14.606
-0.8270686799992412,1.1716765144066579,-7.105427357601002e-15,0.54199730901428,0.5427041104644776,5.551115123125783e-17,-0.548213291757708,1.5370034357848341,0.5208842668624423,0.5231564761455727,0.5512948684208058,0.5153859633438179,-0.7411449079959138,1.3953800185886365,1.8474860933036354,14.599
-0.6038050697209225,1.4007127516179645,-7.105427357601002e-15,1.4531950867673273,1.4537678628991961,5.551115123125783e-17,-0.6767362203209796,0.5011236584943979,0.2531375777927639,0.5231564761455727,0.05319870763781141,0.5153859633438179,1.3492638068636247,-0.4232432283870669,0.00418931086919198,14.586
0.5125008773818566,-0.7407760663077506,-7.105427357601002e-15,-1.0013846119381988,-1.0004507991208653,5.551115123125783e-17,-0.034373583247161985,0.05717518251277539,0.6547709987317392,-0.03554748899050285,0.5512948684208058,1.6724952824310468,-0.7411449079959138,0.6679307197983534,-0.9174590803480297,14.605
1.6287341987507877,-0.3514144630485293,-7.105427357601002e-15,-1.464045514908764,-1.4630436507020252,5.551115123125783e-17,1.2500996851581123,-0.09080764281443213,-0.41622914488147006,-0.03554748899050285,-0.44487254833720674,1.6724952824310468,1.3492638068636247,-1.029450977378968,0.00418931086919198,14.608
-0.8270686799992412,0.5189232383544352,-7.105427357601002e-15,1.2589477986368327,1.2595491460133443,5.551115123125783e-17,0.7362599766475663,-1.2746702454320922,0.6547709987317392,0.5231564761455727,0.05319870763781141,-1.7986012761066215,-0.7411449079959138,0.30420607040321185,0.9258377020864137,14.594
-1.0503322902775598,-0.37431808676966,-7.105427357601002e-15,0.8633895722518695,0.8640491010885463,5.551115123125783e-17,0.22242026813702018,-0.5347561187960547,0.6547709987317392,-0.03554748899050285,0.05319870763781141,0.5153859633438179,1.3492638068636247,0.7891722695967354,0.9258377020864137,14.59
1.6287341987507877,-0.7980351256105772,-7.105427357601002e-15,-0.09725193855795046,-0.09645111187416547,5.551115123125783e-17,2.5343209478211155,0.7970893091488129,-3.361429337313665,-2.38211531664132,-2.9353533522523203,0.5153859633438179,1.3492638068636247,-1.5144171765724914,0.9258377020864137,14.597
1.4054705884724692,-1.2446557881726246,-7.105427357601002e-15,-0.25618170319299705,-0.25535750001201546,5.551115123125783e-17,2.277527096437023,2.128934737093664,-3.093696035578406,-2.8290673146708807,-3.1844263374518644,0.5153859633438179,1.3492638068636247,-1.3325548518749186,-0.9174590803480297,14.602
-0.8270686799992412,-0.271251780024572,-7.105427357601002e-15,1.463788562361147,1.4643597803308108,5.551115123125783e-17,0.7362599766475663,-0.23879046814163965,0.2531375777927639,0.18792292298464017,0.5512948684208058,0.5153859633438179,1.3492638068636247,-0.24138090368949827,0.9258377020864137,14.589
-1.0503322902775598,0.46166417905160856,-7.105427357601002e-15,1.262477987668885,1.2630788158005957,5.551115123125783e-17,-0.6767362203209796,0.9450721344760205,0.6547709987317392,0.18792292298464017,0.05319870763781141,0.5153859633438179,-0.7411449079959138,-1.15069252717735,-0.9174590803480297,14.589
0.5125008773818566,-0.4888362053753133,-7.105427357601002e-15,-0.9660667248805404,-0.9651381068641284,5.551115123125783e-17,-1.7041636315998003,1.093054959803228,0.5208842668624423,0.18792292298464017,0.8003678536203501,0.5153859633438179,1.3492638068636247,0.06172297080645228,-1.8391074715652516,14.604
-0.8270686799992412,0.23262794184030194,-7.105427357601002e-15,0.6408876836254839,0.641579939590321,5.551115123125783e-17,-1.4473697802156182,-0.23879046814163965,0.5208842668624423,0.18792292298464017,0.05319870763781141,-1.7986012761066215,1.3492638068636247,-1.3325548518749186,0.9258377020864137,14.595
0.9590159936496798,1.4007127516179645,-7.105427357601002e-15,-0.4822145079758477,-0.48135705831495423,5.551115123125783e-17,-0.16289651181034392,0.05717518251277539,0.5208842668624423,0.5231564761455727,0.05319870763781141,-1.7986012761066215,-0.7411449079959138,0.30420607040321185,0.00418931086919198,14.608
-1.0503322902775598,-0.06511916653439667,-7.105427357601002e-15,1.31192426566111,1.3125178208897146,5.551115123125783e-17,0.6077370480843843,-0.5347561187960547,0.2531375777927639,0.9701084741751332,0.8003678536203501,0.5153859633438179,-0.7411449079959138,-0.9082094275805904,0.00418931086919198,14.591
