shot,shot position,Clamping force,Peak value plasticizing screw,Transfer volume,Maximum injection pressure,Transfer injection pressure,Injection time,Cushion mass,Dosing time,Cylinder heating zone 1,Cylinder heating zone 2,Cylinder heating zone 3,Cylinder heating zone 4,Cylinder heating zone 5,Nozzle temperature,Mold protection time,Product weight g
2,2,800.85986,0.62800,28.24119,567.70630,567.70630,0.36000,19.96404,1.92400,187.50000,193.30000,199.50000,204.80000,209.80000,44.20000,0.66400,14.596
3,2,800.67542,0.78200,28.24119,600.05505,600.05505,0.36000,19.95385,1.92800,187.10001,192.60001,199.10001,204.80000,209.80000,43.90000,0.66600,14.602
4,2,800.67542,0.68200,28.24119,623.95233,623.95233,0.36000,19.98443,1.94600,187.10001,191.80000,198.80000,204.80000,209.80000,43.50000,0.66000,14.607
5,2,800.49097,0.67800,28.24119,638.91241,638.91241,0.36000,20.00482,1.97200,187.00000,191.30000,198.50000,205.00000,209.80000,43.40000,0.66200,14.596
6,2,800.67542,0.68400,28.24119,649.50104,649.50104,0.36000,20.06088,1.99200,187.00000,190.60001,198.10001,205.00000,209.80000,43.00000,0.66400,14.599
7,2,800.67542,0.69200,28.24119,640.07813,640.07813,0.36000,20.13224,1.98800,187.00000,190.50000,198.10001,205.00000,210.00000,42.90000,0.66400,14.595
8,2,800.85986,0.69000,28.24119,647.26672,647.26672,0.36000,20.19340,1.99400,187.10001,190.50000,198.10001,204.80000,209.80000,42.50000,0.66200,14.606
9,2,800.85986,0.61000,28.24119,647.36389,647.36389,0.36000,20.16791,2.00000,187.10001,190.60001,198.10001,204.80000,210.00000,42.20000,0.66400,14.602
10,2,800.85986,0.69800,28.24119,652.70679,652.70679,0.36000,20.14753,2.00400,187.10001,191.00000,198.10001,204.80000,209.80000,41.90000,0.66200,14.604
11,2,801.04431,0.74400,28.24119,661.44971,661.44971,0.36000,20.16791,2.01400,187.10001,191.30000,198.30000,204.80000,209.80000,41.70000,0.66600,14.601
12,2,801.22870,0.97600,28.24119,669.31830,669.31830,0.36000,20.14243,2.00600,187.30000,191.30000,198.50000,204.80000,210.00000,41.20000,0.66600,14.601
13,2,801.22870,0.79200,28.24119,669.02686,669.02686,0.36000,20.14243,1.99800,187.30000,191.60001,198.50000,204.80000,210.00000,41.20000,0.66600,14.605
14,2,801.22870,1.36200,28.24119,670.58118,670.58118,0.36000,20.16282,2.02200,187.30000,192.00000,198.60001,204.80000,210.00000,41.00000,0.66600,14.599
15,2,801.22870,0.74400,28.24119,666.20972,666.20972,0.36000,20.17301,2.01000,187.30000,192.10001,198.50000,205.00000,210.00000,40.70000,0.66200,14.602
16,2,801.04431,0.82000,28.24119,667.76404,667.76404,0.36000,20.17301,1.99200,187.30000,192.50000,198.60001,205.00000,210.00000,40.50000,0.66200,14.599
17,2,801.41315,0.82200,28.24119,670.58118,670.58118,0.36000,20.18320,1.99200,187.10001,192.50000,198.60001,205.00000,210.00000,40.40000,0.66600,14.597
18,2,801.41315,0.88000,28.24119,663.00397,663.00397,0.36000,20.12714,2.00800,187.30000,192.30000,198.50000,205.00000,210.00000,40.20000,0.66400,14.597
19,2,801.41315,0.70600,28.24119,664.84973,664.84973,0.36000,20.12204,1.98800,187.50000,192.60001,198.60001,204.80000,210.00000,40.20000,0.66200,14.604
20,2,801.41315,0.75800,28.24119,667.27832,667.27832,0.36000,20.18830,1.99400,187.60001,192.80000,198.80000,204.80000,210.00000,40.00000,0.65800,14.605
21,2,801.59760,0.83000,28.24119,663.68402,663.68402,0.36000,20.14753,1.99200,187.80000,192.60001,198.80000,204.80000,210.00000,40.20000,0.66400,14.601
22,2,801.41315,0.74600,28.24119,652.80396,652.80396,0.36000,20.11695,1.98400,188.10001,192.60001,199.00000,204.80000,209.80000,40.20000,0.66600,14.605
23,2,801.41315,0.85600,28.24119,659.02112,658.63251,0.36000,20.13733,2.00000,188.30000,193.00000,198.80000,204.80000,210.00000,40.20000,0.66200,14.605
24,2,801.41315,0.79000,28.24119,656.10681,656.10681,0.36000,20.04049,2.01600,188.50000,193.10001,199.00000,205.00000,210.00000,40.50000,0.66200,14.602
25,2,801.41315,0.84000,28.24119,660.08966,660.08966,0.36000,20.07617,2.01800,188.60001,193.30000,199.10001,205.00000,210.00000,40.50000,0.66600,14.598
26,2,801.22870,0.69200,28.24119,659.99255,659.89539,0.36000,20.11695,2.01600,188.60001,193.30000,199.30000,205.00000,210.00000,40.50000,0.66000,14.600
27,2,801.59760,0.77000,28.24119,651.92963,651.92963,0.36000,20.12204,1.98800,188.60001,193.50000,199.30000,205.00000,210.00000,40.70000,0.66000,14.604
28,2,801.41315,0.74200,28.24119,660.67255,660.67255,0.36000,20.12204,1.98800,188.80000,193.60001,199.30000,205.00000,210.00000,40.70000,0.66400,14.607
29,2,801.41315,0.88200,28.24119,652.70679,652.70679,0.36000,20.01501,1.99800,188.80000,193.60001,199.30000,205.00000,210.00000,40.90000,0.66400,14.609
30,2,801.59760,0.94400,28.24119,661.06110,661.06110,0.36000,20.11185,2.00800,188.80000,193.80000,199.60001,205.00000,210.00000,40.70000,0.66800,14.616
31,2,801.41315,0.69200,28.24119,654.74677,654.74677,0.36000,20.07107,2.01000,188.60001,193.80000,199.30000,205.10001,210.00000,40.90000,0.66600,14.604
32,2,801.59760,0.94400,28.24119,642.70099,642.70099,0.36000,20.10675,1.98800,188.80000,194.10001,199.60001,205.00000,210.00000,40.90000,0.66600,14.607
33,2,801.41315,0.77600,28.24119,640.85529,640.85529,0.36000,20.07617,1.98000,189.00000,194.30000,199.60001,205.00000,210.00000,41.00000,0.66200,14.609
34,2,801.22870,0.77600,28.24119,647.07245,647.07245,0.36000,20.13733,1.98000,189.10001,194.60001,199.60001,205.00000,210.00000,41.00000,0.66200,14.606
35,2,801.22870,0.75200,28.24119,639.88385,639.88385,0.36000,20.10675,1.98000,189.30000,194.60001,199.80000,205.00000,210.00000,41.20000,0.66800,14.608
36,2,801.59760,0.95800,28.24119,640.56384,640.56384,0.36000,20.12204,1.96200,189.10001,194.60001,199.80000,205.00000,210.00000,41.20000,0.66200,14.608
37,2,801.59760,1.00400,28.24119,635.60956,635.60956,0.36000,20.09146,1.97000,189.10001,194.60001,199.60001,205.00000,210.00000,41.20000,0.66400,14.613
38,2,801.41315,0.90000,28.24119,632.98669,632.98669,0.36000,20.13224,1.98000,189.30000,194.60001,199.60001,205.10001,210.00000,41.20000,0.66400,14.608
39,2,801.59760,1.05400,28.24119,638.62097,638.32953,0.36000,20.10675,1.97200,189.30000,194.60001,199.80000,205.00000,210.00000,41.20000,0.66400,14.613
40,2,801.59760,0.86000,28.24119,633.18097,633.18097,0.36000,20.11695,1.98400,189.50000,194.60001,200.00000,205.00000,210.00000,41.40000,0.66600,14.612
41,2,801.59760,0.94600,28.24119,635.80383,635.70667,0.36000,20.09656,1.97800,189.50000,194.60001,199.80000,205.00000,210.00000,41.50000,0.66200,14.607
42,2,801.59760,1.05200,28.24119,633.08380,633.08380,0.36000,20.11695,1.97400,189.50000,194.60001,199.60001,205.00000,209.80000,41.40000,0.66600,14.613
43,2,801.59760,0.74600,28.24119,636.77527,636.67810,0.36000,20.11185,1.98800,189.60001,194.60001,199.80000,205.00000,209.80000,41.50000,0.66600,14.613
44,2,801.22870,0.75000,28.24119,629.10095,629.10095,0.36000,20.05069,1.97400,189.60001,194.60001,199.80000,205.00000,209.80000,41.50000,0.66200,14.610
45,2,801.59760,1.07600,28.24119,632.79236,632.79236,0.36000,20.06088,1.98800,189.60001,194.60001,199.80000,205.00000,209.80000,41.70000,0.66400,14.609
46,2,801.41315,1.00600,28.24119,633.37524,633.37524,0.36000,20.13733,1.98600,189.80000,194.60001,199.80000,205.00000,209.80000,41.70000,0.66200,14.614
47,2,801.78204,0.84400,28.24119,634.05524,634.05524,0.36000,20.11695,1.96600,190.00000,194.80000,199.80000,204.80000,209.80000,41.70000,0.67000,14.607
48,2,801.41315,1.07200,28.24119,631.62665,631.62665,0.36000,20.07107,1.98000,190.00000,194.60001,199.80000,205.00000,209.80000,41.90000,0.66400,14.617
49,2,801.41315,1.02400,28.24119,635.80383,635.80383,0.36000,20.05578,1.98800,190.00000,194.60001,200.00000,205.00000,209.80000,41.90000,0.66200,14.616
50,2,801.41315,1.07800,28.24119,641.92389,641.92389,0.36000,20.06088,1.99600,190.00000,194.50000,200.10001,205.00000,209.80000,42.00000,0.66800,14.612
51,2,801.04431,0.90200,28.24119,632.01526,632.01526,0.36000,19.99462,1.97200,190.00000,194.30000,200.10001,205.10001,209.80000,42.00000,0.66400,14.614
52,2,801.22870,0.84000,28.24119,646.78101,646.78101,0.36000,20.04049,1.99200,190.00000,194.60001,200.10001,205.00000,209.80000,42.00000,0.66200,14.609
53,2,801.04431,0.84600,28.24119,650.66675,650.66675,0.36000,20.09146,1.99400,190.10001,194.80000,200.00000,205.00000,209.80000,42.00000,0.66000,14.616
54,2,801.04431,1.17600,28.24119,646.48962,646.48962,0.36000,20.03030,1.97600,190.10001,194.60001,199.80000,205.00000,209.80000,42.20000,0.66400,14.610
55,2,801.22870,1.03600,28.24119,644.64386,644.64386,0.36000,20.06598,1.97000,190.00000,195.00000,199.80000,204.80000,209.80000,42.20000,0.66600,14.611
56,2,801.04431,0.74600,28.24119,637.84381,636.77527,0.36000,20.07617,1.99000,190.00000,195.10001,199.60001,204.80000,209.80000,42.20000,0.66800,14.607
57,2,801.04431,0.83600,28.24119,646.48962,646.48962,0.36000,20.07617,1.97800,190.00000,194.80000,199.60001,204.80000,209.80000,42.40000,0.66400,14.612
58,2,801.04431,0.83200,28.24119,636.87238,636.87238,0.36000,20.07107,1.96400,189.80000,194.80000,199.80000,205.00000,209.80000,42.20000,0.66600,14.608
59,2,801.04431,0.94800,28.24119,649.11249,649.11249,0.36000,20.06598,1.98400,190.00000,194.80000,199.80000,205.00000,209.80000,42.50000,0.66000,14.608
60,2,801.04431,0.98200,28.24119,640.36957,640.36957,0.36000,20.05578,1.99400,190.00000,194.80000,199.80000,205.10001,209.80000,42.50000,0.66000,14.610
61,2,800.85986,0.92400,28.24119,635.31812,635.31812,0.36000,20.05069,1.97800,190.00000,194.60001,199.80000,205.00000,209.80000,42.50000,0.66200,14.608
62,2,800.67542,1.06400,28.24119,648.52960,648.52960,0.36000,20.10675,1.97200,190.10001,194.60001,199.80000,205.00000,209.80000,42.50000,0.66200,14.609
63,2,800.85986,0.79600,28.24119,639.68958,639.68958,0.36000,20.06088,1.96400,190.00000,194.80000,200.00000,205.00000,209.80000,42.70000,0.66400,14.609
64,2,800.85986,0.93600,28.24119,643.38104,643.38104,0.36000,20.07617,1.98600,190.10001,194.80000,199.80000,205.00000,209.80000,42.70000,0.66000,14.606
65,2,800.85986,0.86600,28.24119,645.80957,645.80957,0.36000,20.07107,1.97600,190.00000,195.00000,199.80000,204.80000,209.80000,42.70000,0.66400,14.610
66,2,800.67542,0.79200,28.24119,644.93530,644.93530,0.36000,20.02011,1.98200,190.00000,195.00000,200.00000,205.00000,209.80000,42.70000,0.66200,14.609
67,2,800.67542,0.88400,28.24119,639.30096,639.30096,0.36000,20.02520,1.97000,190.10001,195.10001,200.00000,205.00000,209.80000,42.90000,0.66200,14.608
68,2,800.67542,1.22200,28.24119,648.14105,648.14105,0.36000,20.04049,1.99400,190.10001,195.00000,200.10001,205.00000,209.80000,42.90000,0.66200,14.610
69,2,800.85986,1.09000,28.24119,642.11816,642.11816,0.36000,20.02011,1.98800,190.10001,194.80000,200.10001,205.00000,209.80000,43.00000,0.66600,14.612
70,2,800.67542,0.92200,28.24119,637.16382,637.06671,0.36000,20.00991,1.98400,190.10001,194.80000,200.00000,205.00000,209.80000,42.90000,0.66200,14.606
71,2,800.85986,1.08800,28.24119,646.39246,646.39246,0.36000,20.03030,2.00200,190.10001,195.00000,200.00000,205.00000,210.00000,43.00000,0.66200,14.612
72,2,800.85986,0.97600,28.24119,641.34100,641.34100,0.36000,20.07617,1.99200,190.10001,195.10001,200.10001,205.00000,210.00000,43.00000,0.66800,14.614
73,2,800.49097,0.82800,28.24119,641.72955,641.72955,0.36000,20.07617,1.98800,190.10001,195.00000,199.80000,205.00000,210.00000,43.20000,0.66200,14.609
74,2,800.85986,1.07600,28.24119,649.50104,649.50104,0.36000,20.07617,2.00000,190.10001,194.80000,200.10001,205.00000,210.00000,43.20000,0.66200,14.601
75,2,800.49097,0.87600,28.24119,646.68390,646.68390,0.36000,20.01501,1.99600,190.00000,194.80000,200.10001,205.00000,210.00000,43.00000,0.66000,14.604
76,2,800.67542,1.13200,28.24119,644.93530,644.93530,0.36000,20.03030,2.01000,190.10001,194.80000,200.10001,205.00000,210.00000,43.20000,0.66200,14.607
77,2,800.49097,0.90200,28.24119,646.68390,646.68390,0.36000,20.04049,2.00200,190.00000,194.60001,199.80000,205.00000,210.00000,43.20000,0.66400,14.609
78,2,800.30652,0.88000,28.24119,647.07245,647.07245,0.36000,20.08636,1.98000,189.80000,194.60001,199.80000,205.00000,210.00000,43.50000,0.66200,14.611
79,2,800.30652,0.94600,28.24119,660.28400,660.28400,0.36000,20.05578,1.99600,189.80000,194.80000,199.60001,205.00000,209.80000,43.50000,0.66200,14.606
80,2,800.85986,1.20600,28.24119,659.99255,659.99255,0.36000,20.07617,1.98200,190.00000,195.10001,199.80000,204.80000,209.80000,43.40000,0.66400,14.608
81,2,800.49097,0.86600,28.24119,656.88397,656.88397,0.36000,20.10165,1.99600,190.00000,195.10001,199.80000,204.80000,209.80000,43.50000,0.66200,14.602
82,2,800.49097,0.86600,28.24119,650.76392,650.76392,0.36000,20.08127,1.95800,190.00000,195.30000,200.00000,205.00000,209.80000,43.50000,0.66200,14.611
83,2,800.49097,0.86200,28.24119,660.96399,660.96399,0.36000,20.07107,1.99800,189.80000,195.30000,200.10001,205.00000,209.80000,43.70000,0.66600,14.616
84,2,800.49097,0.86400,28.24119,641.72955,641.43817,0.36000,20.10165,1.97600,189.80000,195.10001,200.00000,205.00000,209.80000,43.70000,0.66200,14.610
85,2,800.67542,0.88200,28.24119,639.20386,639.20386,0.36000,20.06598,1.97600,189.80000,195.30000,200.10001,205.00000,209.80000,43.70000,0.66400,14.610
86,2,800.30652,0.92200,28.24119,648.91821,648.91821,0.36000,20.10675,1.97200,189.80000,195.30000,200.00000,205.10001,210.00000,43.90000,0.66600,14.616
87,2,800.67542,0.93400,28.24119,646.00391,646.00391,0.36000,20.06598,1.99000,189.60001,195.10001,200.10001,205.00000,209.80000,43.90000,0.66200,14.610
88,2,800.67542,1.18800,28.24119,633.95807,633.95807,0.36000,20.13224,1.96000,189.80000,194.80000,200.00000,205.00000,209.80000,43.90000,0.66200,14.611
89,2,800.49097,0.81400,28.24119,633.66669,633.66669,0.36000,20.08636,1.96000,189.80000,194.80000,200.00000,205.00000,209.80000,43.70000,0.66400,14.607
90,2,800.30652,0.90000,28.24119,641.53528,641.53528,0.36000,20.09656,1.96200,189.80000,194.60001,199.80000,204.80000,209.80000,44.00000,0.66400,14.607
91,2,800.49097,0.83600,28.24119,637.94098,637.94098,0.36000,20.07617,1.96400,189.80000,194.50000,200.00000,204.80000,209.80000,43.90000,0.66600,14.615
92,2,800.30652,0.82800,28.24119,639.98102,639.98102,0.36000,20.04049,1.97600,190.00000,194.80000,200.10001,204.80000,209.80000,44.00000,0.66200,14.610
93,2,800.49097,0.84200,28.24119,650.76392,650.76392,0.36000,19.98443,1.99800,190.00000,194.60001,200.10001,205.00000,209.80000,44.00000,0.66400,14.604
94,2,800.49097,0.88000,28.24119,643.28387,643.28387,0.36000,19.98953,1.99200,190.10001,194.60001,200.00000,205.00000,209.80000,44.00000,0.66400,14.611
95,2,800.49097,0.83200,28.24119,645.71246,645.71246,0.36000,20.08127,1.98200,190.10001,194.60001,200.00000,205.10001,209.80000,44.00000,0.66200,14.605
96,2,800.49097,0.95800,28.24119,655.42682,655.42682,0.36000,20.03540,1.97200,190.10001,194.80000,200.00000,205.00000,209.80000,44.00000,0.66600,14.604
97,2,800.67542,1.34400,28.24119,662.90686,662.90686,0.36000,20.04049,1.98800,190.00000,195.10001,200.00000,205.00000,209.80000,44.00000,0.66600,14.611
98,2,800.30652,0.84400,28.24119,664.84973,664.84973,0.36000,20.02520,1.99000,190.00000,195.00000,199.80000,205.00000,210.00000,44.00000,0.66200,14.611
99,2,800.30652,0.83400,28.24119,657.66107,657.66107,0.36000,20.05578,1.97800,190.00000,195.10001,199.80000,204.80000,210.00000,44.00000,0.66200,14.601
100,2,800.49097,1.08800,28.24119,663.78113,663.78113,0.36000,20.05069,1.98600,190.00000,195.10001,199.80000,204.80000,209.80000,44.00000,0.66800,14.601
101,2,800.30652,0.89600,28.24119,656.10681,656.10681,0.36000,20.00482,1.97800,190.10001,194.80000,199.80000,204.80000,209.80000,44.20000,0.66600,14.607
102,2,800.30652,1.10400,28.24119,673.20404,673.20404,0.36000,20.04559,1.99600,189.80000,194.80000,199.80000,205.00000,209.80000,44.20000,0.66600,14.613
103,2,800.30652,1.08600,28.24119,666.11255,666.11255,0.36000,20.08636,1.98400,190.00000,195.00000,199.60001,205.00000,209.80000,44.20000,0.66600,14.598
104,2,800.49097,1.05200,28.24119,660.08966,660.08966,0.36000,19.98953,1.98600,190.00000,195.10001,199.80000,205.00000,209.80000,44.20000,0.66600,14.600
105,2,800.30652,0.97000,28.24119,665.62683,665.62683,0.36000,20.07617,2.00400,189.80000,195.10001,200.10001,205.00000,209.80000,44.20000,0.66400,14.600
106,2,800.30652,1.09600,28.24119,675.24408,675.24408,0.36000,20.06088,1.98400,189.80000,195.10001,200.00000,205.00000,209.80000,44.20000,0.66800,14.601
107,2,800.30652,1.18400,28.24119,672.03833,672.03833,0.36000,20.08127,1.98600,189.60001,195.10001,200.10001,204.80000,209.80000,44.40000,0.66200,14.594
108,2,800.49097,1.03600,28.24119,671.55261,671.55261,0.36000,20.04049,1.98600,189.80000,195.30000,200.10001,205.00000,209.80000,44.20000,0.66400,14.604
109,2,799.93762,0.95200,28.24119,667.66687,667.66687,0.36000,20.08127,1.97400,189.80000,195.30000,200.00000,205.00000,209.80000,44.40000,0.66200,14.610
110,2,800.12207,0.88000,28.24119,675.04980,675.04980,0.36000,19.99462,1.98200,189.80000,195.30000,199.80000,205.00000,210.00000,44.50000,0.66600,14.610
111,2,800.30652,0.79000,28.24119,670.38690,670.38690,0.36000,20.09656,1.97600,189.80000,195.30000,200.10001,205.00000,209.80000,44.50000,0.66200,14.614
112,2,800.30652,0.92200,28.24119,670.19263,670.19263,0.36000,20.08636,1.96000,189.80000,195.30000,200.10001,205.00000,210.00000,44.50000,0.66800,14.608
113,2,800.12207,1.12200,28.24119,672.42688,672.42688,0.36000,20.10165,1.98400,189.80000,195.30000,200.00000,205.00000,210.00000,44.50000,0.66200,14.605
114,2,800.12207,0.89200,28.24119,655.23248,655.23248,0.36000,20.08127,1.98000,189.80000,195.10001,200.10001,205.00000,210.00000,44.50000,0.66400,14.606
115,2,800.12207,0.95000,28.24119,668.63831,668.63831,0.36000,20.11695,1.97400,189.60001,194.80000,200.10001,205.00000,210.00000,44.50000,0.66400,14.605
116,2,800.12207,1.00600,28.24119,655.81537,655.81537,0.36000,20.08636,1.96000,189.80000,195.10001,200.00000,205.00000,210.00000,44.50000,0.66400,14.605
117,2,799.93762,1.19000,28.24119,660.28400,660.28400,0.36000,20.13224,1.96600,189.80000,195.10001,200.10001,205.00000,210.00000,44.50000,0.66200,14.602
118,2,799.75317,0.92000,28.24119,663.78113,663.78113,0.36000,20.10165,1.96800,189.80000,195.10001,200.00000,204.80000,210.00000,44.50000,0.66400,14.607
119,2,799.93762,0.89000,28.24119,642.50671,642.50671,0.36000,20.10675,1.95000,190.00000,195.10001,200.00000,204.80000,209.80000,44.70000,0.66200,14.606
120,2,799.93762,0.75600,28.24119,648.91821,648.91821,0.36000,20.05578,1.97600,190.10001,195.10001,199.80000,204.80000,209.80000,44.70000,0.66600,14.608
121,2,799.93762,1.33800,28.24119,652.70679,652.70679,0.36000,20.05578,1.97400,190.10001,194.80000,199.80000,205.00000,209.80000,44.70000,0.66800,14.598
122,2,799.75317,0.82800,28.24119,664.46112,664.46112,0.36000,20.09146,1.98000,190.00000,194.60001,199.80000,205.00000,209.80000,44.70000,0.66600,14.601
123,2,799.75317,0.87800,28.24119,659.50684,659.50684,0.36000,20.05069,1.97000,189.80000,194.80000,199.80000,205.00000,209.80000,44.70000,0.66400,14.598
124,2,799.75317,0.93400,28.24119,666.69543,666.69543,0.36000,20.05069,1.98200,190.00000,194.60001,199.80000,205.00000,209.80000,44.70000,0.66200,14.600
125,2,799.93762,1.14600,28.24119,669.41547,669.41547,0.36000,20.06598,1.98600,189.80000,194.60001,199.80000,205.00000,210.00000,44.90000,0.66400,14.601
126,2,799.75317,0.91000,28.24119,669.90118,669.60974,0.36000,20.08127,1.98000,189.80000,194.60001,199.80000,205.00000,210.00000,44.90000,0.66200,14.603
127,2,799.93762,0.95000,28.24119,671.45544,671.35834,0.36000,20.07617,1.97600,189.80000,194.60001,199.80000,205.00000,209.80000,44.90000,0.66600,14.602
128,2,799.56873,1.26200,28.24119,678.44977,678.44977,0.36000,20.08636,1.98200,189.80000,194.60001,199.80000,204.80000,209.80000,45.00000,0.66200,14.602
129,2,799.56873,1.27800,28.24119,669.02686,669.02686,0.36000,20.09656,1.97000,189.80000,194.60001,199.80000,205.00000,209.80000,45.00000,0.66200,14.602
130,2,799.56873,1.07200,28.24119,664.07257,664.07257,0.36000,20.08636,1.97000,189.80000,194.80000,199.80000,205.00000,209.80000,45.00000,0.66400,14.599
131,2,799.75317,0.92600,28.24119,671.74689,671.74689,0.36000,20.05578,1.97200,189.80000,194.80000,199.80000,205.00000,209.80000,45.20000,0.66200,14.601
132,2,799.75317,1.09600,28.24119,690.68988,690.68988,0.36000,20.08636,1.98000,189.80000,195.00000,199.80000,205.00000,209.80000,45.00000,0.66600,14.602
133,2,799.75317,0.86800,28.24119,668.83258,668.83258,0.36000,20.07617,1.97600,189.80000,195.00000,199.80000,205.00000,210.00000,45.20000,0.66000,14.597
134,2,799.56873,0.84000,28.24119,674.85547,674.85547,0.36000,20.11695,1.98200,189.60001,194.80000,199.80000,205.00000,210.00000,45.20000,0.66400,14.592
135,2,799.75317,1.03800,28.24119,680.39264,680.39264,0.36000,20.10675,1.96800,189.60001,194.80000,200.10001,205.00000,210.00000,45.20000,0.66800,14.601
136,2,799.75317,1.09800,28.24119,672.03833,672.03833,0.36000,20.08636,1.97400,189.60001,194.80000,199.80000,205.00000,210.00000,45.20000,0.66400,14.595
137,2,799.75317,1.46000,28.24119,673.78693,673.78693,0.36000,20.09146,1.97000,189.80000,195.10001,200.10001,205.00000,209.80000,45.20000,0.66400,14.599
138,2,799.56873,0.96200,28.24119,683.59839,683.59839,0.36000,20.06598,1.98200,189.80000,195.00000,200.10001,205.00000,209.80000,45.40000,0.66600,14.599
139,2,799.56873,0.85600,28.24119,672.81549,672.52405,0.36000,20.06088,1.97200,189.80000,195.10001,200.10001,205.00000,209.80000,45.20000,0.66600,14.604
140,2,799.75317,1.85000,28.24119,669.90118,669.90118,0.36000,20.07107,1.99000,190.00000,195.30000,200.00000,205.00000,209.80000,45.40000,0.66600,14.594
141,2,799.56873,0.80800,28.24119,676.79834,676.79834,0.36000,20.13224,1.97800,190.10001,195.10001,200.00000,205.00000,210.00000,45.40000,0.66200,14.601
142,2,799.75317,0.88800,28.24119,673.00977,673.00977,0.36000,20.02520,1.98200,190.10001,195.10001,199.80000,205.00000,210.00000,45.40000,0.66200,14.600
143,2,799.38428,0.77400,28.24119,673.78693,673.78693,0.36000,20.09656,1.98200,190.10001,195.10001,200.00000,205.00000,210.00000,45.40000,0.66600,14.600
144,2,799.56873,0.84000,28.24119,674.07837,674.07837,0.36000,20.09146,1.97600,190.30000,195.10001,199.80000,205.00000,210.00000,45.40000,0.66200,14.601
145,2,799.56873,0.79800,28.24119,660.18683,660.18683,0.36000,20.03540,1.97000,190.10001,194.80000,199.80000,205.00000,209.80000,45.40000,0.66200,14.598
146,2,799.56873,0.83800,28.24119,676.60406,676.60406,0.36000,20.03540,2.00000,190.10001,194.80000,199.80000,205.00000,209.80000,45.50000,0.66200,14.596
147,2,799.93762,1.09400,28.24119,667.08398,666.98688,0.36000,20.05578,1.98400,190.30000,194.80000,199.80000,205.00000,209.80000,45.50000,0.66200,14.599
148,2,799.56873,0.80400,28.24119,672.23260,672.23260,0.36000,20.06088,1.98600,190.30000,194.60001,199.80000,205.00000,209.80000,45.50000,0.66800,14.608
149,2,799.75317,1.10600,28.24119,670.67834,670.67834,0.36000,20.09146,1.99000,190.30000,194.50000,199.80000,204.80000,209.80000,45.50000,0.66600,14.606
150,2,799.56873,0.96600,28.24119,676.02118,676.02118,0.36000,20.03540,1.98800,190.10001,194.80000,199.80000,205.00000,209.80000,45.50000,0.66400,14.601
151,2,799.56873,0.87600,28.24119,675.53546,675.53546,0.36000,20.06088,1.99200,190.10001,194.80000,199.80000,205.00000,209.80000,45.50000,0.66400,14.595
152,2,799.56873,1.17800,28.24119,671.64978,671.64978,0.36000,20.09656,1.99400,190.00000,194.80000,199.60001,205.00000,209.80000,45.50000,0.66600,14.604
153,2,799.56873,0.90400,28.24119,678.93549,678.93549,0.36000,20.09146,1.97800,190.00000,195.00000,199.60001,205.00000,209.80000,45.50000,0.66400,14.602
154,2,799.56873,1.04800,28.24119,673.39832,673.39832,0.36000,20.07617,1.99400,190.00000,195.10001,199.80000,205.00000,209.80000,45.70000,0.66400,14.593
155,2,799.75317,1.18200,28.24119,675.92407,675.92407,0.36000,20.07107,1.99000,189.80000,195.00000,200.10001,205.00000,209.80000,45.50000,0.66600,14.597
156,2,799.56873,1.02000,28.24119,685.54126,685.54126,0.36000,20.04049,2.00200,189.60001,194.80000,199.80000,205.00000,209.80000,45.70000,0.66400,14.596
157,2,799.19983,0.75400,28.24119,673.68976,673.68976,0.36000,20.05578,1.97800,189.60001,194.80000,199.80000,205.00000,209.80000,45.50000,0.66400,14.603
158,2,799.56873,0.89400,28.24119,672.32977,672.32977,0.36000,20.07617,1.98600,189.80000,194.50000,199.80000,205.00000,209.80000,45.50000,0.66800,14.593
159,2,799.75317,1.07600,28.24119,667.76404,667.76404,0.36000,20.10675,1.98000,189.80000,194.80000,200.00000,205.00000,209.80000,45.50000,0.66200,14.600
160,2,799.75317,0.92600,28.24119,678.54694,678.54694,0.36000,20.09656,1.98200,190.00000,194.80000,200.00000,205.00000,209.80000,45.50000,0.66200,14.598
161,2,799.75317,0.97000,28.24119,676.40979,676.40979,0.36000,20.05578,1.99000,190.00000,195.00000,199.80000,205.00000,209.80000,45.50000,0.66400,14.598
162,2,799.56873,1.10800,28.24119,690.30127,690.10699,0.36000,20.11695,1.98800,190.00000,195.10001,200.00000,204.80000,209.80000,45.20000,0.66200,14.601
163,2,799.38428,0.79600,28.24119,687.48413,686.99841,0.36000,20.08127,2.00600,190.00000,195.00000,199.80000,204.80000,209.80000,45.50000,0.66400,14.606
164,2,799.19983,0.83000,28.24119,683.30695,683.30695,0.36000,20.09656,1.97800,190.00000,194.80000,199.60001,205.00000,209.80000,45.20000,0.66200,14.595
165,2,799.19983,0.83200,28.24119,690.20416,690.20416,0.36000,20.08127,1.99600,190.00000,195.00000,199.80000,205.00000,209.80000,45.20000,0.66400,14.595
166,2,799.38428,1.16600,28.24119,688.16412,688.16412,0.36000,20.06088,2.00200,190.00000,195.10001,200.00000,205.00000,209.80000,45.20000,0.66800,14.599
167,2,799.56873,0.77000,28.24119,683.88983,683.88983,0.36000,20.09656,1.99200,189.80000,195.30000,199.80000,205.00000,209.80000,45.00000,0.66800,14.595
168,2,799.56873,1.05000,28.24119,679.71265,679.71265,0.36000,20.12714,1.98800,189.80000,195.30000,200.10001,205.00000,209.80000,45.00000,0.66000,14.599
169,2,799.75317,0.92000,28.24119,676.70123,676.60406,0.36000,20.07107,1.97200,189.80000,195.60001,200.10001,205.00000,209.80000,44.90000,0.66400,14.596
170,2,799.75317,1.13000,28.24119,688.35840,688.35840,0.36000,20.11185,1.97600,189.60001,195.60001,200.10001,205.00000,209.80000,44.50000,0.66200,14.600
171,2,799.56873,0.97600,28.24119,681.94696,681.84979,0.36000,20.08636,1.95600,189.60001,195.50000,200.10001,205.00000,209.80000,44.20000,0.66000,14.598
172,2,799.56873,1.13200,28.24119,689.23273,689.03845,0.36000,20.04049,1.98200,189.60001,195.30000,200.10001,205.00000,210.00000,44.00000,0.66800,14.602
173,2,799.56873,0.85800,28.24119,678.06122,678.06122,0.36000,20.09146,1.99400,189.60001,195.10001,200.00000,205.00000,210.00000,43.90000,0.66600,14.599
174,2,799.56873,1.02600,28.24119,668.92975,668.92975,0.36000,20.10165,1.97000,189.80000,195.10001,199.80000,205.00000,210.00000,43.50000,0.66400,14.598
175,2,799.56873,1.17200,28.24119,678.64410,678.64410,0.36000,20.07617,1.97800,189.80000,195.00000,199.80000,205.00000,210.00000,43.20000,0.66800,14.601
176,2,799.38428,0.85200,28.24119,681.94696,681.94696,0.36000,20.11695,1.97200,189.80000,194.80000,199.80000,205.00000,209.80000,43.00000,0.66600,14.602
177,2,799.75317,1.02800,28.24119,676.21552,676.21552,0.36000,20.08636,1.96800,189.60001,194.60001,199.80000,204.80000,209.80000,42.50000,0.66200,14.600
178,2,799.19983,0.89000,28.24119,676.79834,676.79834,0.36000,20.06088,1.97800,189.60001,194.60001,199.80000,204.80000,209.80000,42.20000,0.66400,14.599
179,2,799.38428,1.22200,28.24119,677.38123,677.38123,0.36000,20.02520,1.98000,189.80000,194.60001,199.80000,204.80000,209.80000,42.00000,0.66400,14.597
180,2,799.38428,0.77800,28.24119,676.89551,676.89551,0.36000,20.07107,1.98800,189.60001,194.60001,199.80000,204.80000,209.80000,41.70000,0.66200,14.597
181,2,799.56873,0.70200,28.24119,667.95831,667.95831,0.36000,20.10675,1.98200,189.60001,194.60001,199.80000,204.80000,209.80000,41.40000,0.66400,14.596
182,2,799.38428,0.86800,28.24119,677.08978,677.08978,0.36000,20.08127,1.98000,189.60001,194.80000,199.80000,204.80000,209.80000,41.00000,0.66600,14.596
183,2,799.19983,0.87400,28.24119,676.79834,676.79834,0.36000,20.11695,1.96800,189.60001,195.00000,200.00000,204.80000,209.80000,40.90000,0.66600,14.591
184,2,799.56873,1.81200,28.24119,685.05554,685.05554,0.36000,20.07617,1.97400,189.60001,195.00000,200.00000,204.80000,209.80000,40.50000,0.66200,14.599
185,2,799.38428,0.98200,28.24119,687.96985,687.87268,0.36000,20.06598,1.97400,189.60001,195.10001,200.00000,204.80000,209.80000,40.20000,0.66400,14.589
186,2,799.38428,0.90000,28.24119,676.99261,676.99261,0.36000,20.10675,1.98000,189.80000,195.00000,199.80000,204.80000,210.00000,40.20000,0.66600,14.588
187,2,799.19983,0.94600,28.24119,676.31262,676.31262,0.36000,20.09146,1.96000,189.80000,194.80000,199.80000,205.00000,210.00000,40.00000,0.66600,14.601
188,2,799.38428,0.94600,28.24119,689.91272,689.91272,0.36000,20.05069,1.96800,189.60001,194.60001,199.80000,204.80000,210.00000,40.00000,0.66200,14.598
189,2,799.56873,1.12200,28.24119,695.35278,695.35278,0.36000,20.03030,1.97000,189.50000,194.60001,199.80000,205.00000,209.80000,40.00000,0.66200,14.593
190,2,799.38428,0.94800,28.24119,687.58130,687.28986,0.36000,20.10165,1.97200,189.50000,194.30000,199.60001,205.00000,209.80000,39.90000,0.66400,14.582
191,2,799.38428,1.21200,28.24119,681.65552,681.65552,0.36000,20.13224,1.94600,189.30000,194.50000,199.80000,205.00000,209.80000,40.00000,0.66400,14.592
192,2,799.19983,0.98000,28.24119,686.22125,686.22125,0.36000,20.08636,1.96200,189.30000,194.80000,199.60001,205.00000,209.80000,40.00000,0.66000,14.593
193,2,799.38428,1.17600,28.24119,694.28418,694.28418,0.36000,20.00991,1.99400,189.30000,195.10001,199.80000,205.00000,209.80000,40.00000,0.66200,14.589
194,2,799.38428,0.92400,28.24119,686.22125,686.22125,0.36000,20.08636,1.97200,189.50000,195.10001,199.80000,204.80000,209.80000,40.00000,0.66400,14.596
195,2,799.19983,0.94800,28.24119,691.95276,691.95276,0.36000,20.10675,1.97200,189.30000,195.30000,199.80000,204.80000,209.80000,40.00000,0.66600,14.594
196,2,799.56873,0.93200,28.24119,684.95844,684.95844,0.36000,20.08636,1.97200,189.50000,195.50000,200.00000,204.80000,209.80000,40.20000,0.66600,14.592
197,2,799.38428,1.19600,28.24119,683.01556,683.01556,0.36000,20.07107,1.96800,189.60001,195.50000,200.10001,205.00000,209.80000,40.20000,0.66400,14.595
198,2,799.38428,1.01200,28.24119,678.93549,678.93549,0.36000,20.06598,1.97800,189.60001,195.50000,200.10001,205.00000,209.80000,40.50000,0.66400,14.596
199,2,799.38428,0.95000,28.24119,682.43268,682.43268,0.36000,20.08636,1.97400,189.80000,195.50000,200.10001,205.00000,209.80000,40.50000,0.66800,14.592
200,2,799.38428,0.81000,28.24119,669.51257,669.31830,0.36000,20.03540,1.96800,190.00000,195.30000,200.10001,205.00000,210.00000,40.70000,0.66200,14.596
201,2,799.38428,0.89800,28.24119,681.94696,681.94696,0.36000,20.04049,1.97600,190.10001,195.10001,200.00000,204.80000,210.00000,40.70000,0.66600,14.593
202,2,799.38428,0.89000,28.24119,686.70697,686.70697,0.36000,20.08636,1.97600,190.10001,194.60001,199.80000,204.80000,210.00000,40.70000,0.66200,14.586
203,2,799.38428,1.00200,28.24119,690.88416,690.88416,0.36000,20.02520,1.97800,190.00000,194.80000,199.80000,204.80000,210.00000,40.70000,0.66600,14.595
204,2,799.38428,0.84400,28.24119,699.72418,699.72418,0.36000,20.07107,1.99600,189.80000,194.80000,199.80000,205.00000,210.00000,40.90000,0.66400,14.593
205,2,799.38428,1.19000,28.24119,692.14703,692.14703,0.36000,20.10165,1.96000,189.80000,194.60001,199.60001,205.00000,209.80000,40.90000,0.66600,14.587
206,2,799.38428,0.98200,28.24119,702.24994,702.24994,0.36000,20.08127,1.96600,189.80000,194.60001,199.80000,205.00000,209.80000,41.00000,0.66400,14.594
207,2,799.56873,0.89800,28.24119,697.68420,697.68420,0.36000,20.09146,1.97200,190.00000,194.60001,199.80000,205.00000,210.00000,41.00000,0.66000,14.587
208,2,799.19983,1.04200,28.24119,707.98138,707.98138,0.36000,20.05578,1.99400,190.10001,194.80000,199.80000,205.00000,209.80000,41.00000,0.66200,14.589
209,2,799.38428,1.07200,28.24119,702.05566,702.05566,0.36000,20.03540,1.98800,190.10001,195.00000,200.00000,205.00000,210.00000,41.20000,0.66400,14.597
210,2,799.19983,0.81000,28.24119,706.42712,706.42712,0.36000,20.04559,1.99000,190.00000,194.60001,200.00000,205.00000,209.80000,41.20000,0.66800,14.589
211,2,799.56873,0.96400,28.24119,700.69562,700.69562,0.36000,20.07107,1.99000,190.00000,194.80000,200.00000,205.00000,209.80000,41.20000,0.66400,14.589
212,2,799.19983,1.07800,28.24119,708.66138,708.66138,0.36000,20.09656,1.97600,190.00000,195.10001,200.10001,205.00000,209.80000,41.40000,0.66400,14.590
213,2,799.38428,1.18200,28.24119,703.90137,703.90137,0.36000,20.05578,1.97600,189.80000,195.30000,200.10001,205.00000,209.80000,41.50000,0.66200,14.589
214,2,799.19983,0.95000,28.24119,709.34143,709.34143,0.36000,20.10675,1.97400,189.80000,195.50000,200.10001,205.00000,209.80000,41.40000,0.66400,14.591
215,2,799.19983,0.89000,28.24119,707.88428,707.88428,0.36000,20.07107,1.98000,190.00000,195.30000,200.10001,205.00000,209.80000,41.50000,0.66400,14.593
216,2,799.38428,1.07200,28.24119,706.81567,706.81567,0.36000,20.08636,1.98400,189.80000,195.30000,200.00000,205.00000,209.80000,41.50000,0.66600,14.597
217,2,799.38428,1.18200,28.24119,708.85571,708.66138,0.36000,20.06598,1.97600,189.80000,195.30000,200.00000,205.00000,209.80000,41.50000,0.66400,14.589
218,2,799.38428,1.04200,28.24119,714.00427,714.00427,0.36000,20.08127,1.97800,189.80000,195.00000,200.10001,205.00000,209.80000,41.70000,0.66200,14.589
219,2,799.01538,0.83400,28.24119,710.11853,710.11853,0.36000,20.09656,1.96800,189.80000,194.60001,200.00000,205.00000,209.80000,41.70000,0.66600,14.594
220,2,799.19983,0.98200,28.24119,705.35852,705.35852,0.36000,20.14753,1.97200,189.80000,194.60001,200.00000,205.00000,209.80000,41.70000,0.66200,14.589
221,2,799.38428,0.92800,28.24119,704.96997,704.96997,0.36000,20.08636,1.97800,189.80000,194.60001,200.00000,205.00000,210.00000,41.90000,0.66800,14.588
222,2,799.19983,1.05000,28.24119,717.01575,717.01575,0.36000,20.05069,1.98000,189.80000,194.80000,200.00000,205.00000,209.80000,41.90000,0.66400,14.593
223,2,799.38428,1.68200,28.24119,708.37000,708.37000,0.36000,20.02520,1.96800,189.80000,194.80000,200.00000,205.00000,209.80000,42.00000,0.66400,14.592
224,2,799.19983,0.92000,28.24119,708.07855,708.07855,0.36000,20.09146,1.99400,190.00000,194.80000,200.00000,205.00000,210.00000,41.90000,0.66400,14.589
225,2,799.38428,1.03800,28.24119,713.61572,713.61572,0.36000,20.07617,1.97600,189.80000,194.80000,199.80000,204.80000,210.00000,42.00000,0.66600,14.591
226,2,799.19983,0.87800,28.24119,711.57568,711.57568,0.36000,20.08127,1.96800,189.80000,194.80000,200.00000,205.00000,210.00000,42.00000,0.66600,14.589
227,2,799.38428,1.08200,28.24119,708.46710,708.46710,0.36000,20.10165,1.97600,190.00000,195.10001,199.80000,205.00000,210.00000,42.20000,0.66400,14.588
228,2,799.56873,1.16800,28.24119,714.58716,714.58716,0.36000,20.10165,1.97400,190.00000,195.00000,199.80000,205.00000,210.00000,42.20000,0.66200,14.597
229,2,799.56873,1.20600,28.24119,713.22717,713.22717,0.36000,20.05578,1.98800,189.80000,195.10001,199.80000,205.00000,210.00000,42.20000,0.66400,14.586
230,2,799.38428,1.08800,28.24119,707.30139,707.30139,0.36000,20.03030,1.98200,190.00000,194.80000,199.80000,205.00000,210.00000,42.20000,0.66600,14.576
231,2,799.19983,0.94600,28.24119,704.09564,704.09564,0.36000,20.12204,1.98800,189.80000,194.80000,199.80000,205.00000,210.00000,42.20000,0.66600,14.582
232,2,799.19983,0.87600,28.24119,712.64429,712.64429,0.36000,20.11695,1.97800,190.00000,194.80000,200.00000,205.00000,209.80000,42.40000,0.66200,14.592
233,2,799.38428,1.34000,28.24119,711.47858,711.47858,0.36000,20.10675,1.97200,190.00000,194.80000,199.80000,205.00000,210.00000,42.50000,0.66600,14.584
234,2,799.38428,0.91400,28.24119,713.51855,713.51855,0.36000,20.11185,1.97800,189.80000,194.80000,200.00000,205.00000,210.00000,42.50000,0.66600,14.589
235,2,799.38428,1.28000,28.24119,705.74713,705.74713,0.36000,20.11695,1.97600,190.10001,194.80000,200.00000,205.00000,210.00000,42.50000,0.66400,14.593
236,2,799.19983,1.02200,28.24119,707.49567,707.49567,0.36000,20.10165,1.98200,190.10001,194.80000,199.80000,205.00000,209.80000,42.50000,0.66400,14.587
237,2,799.01538,0.89800,28.24119,703.22137,703.22137,0.36000,20.10675,1.96600,190.00000,194.60001,199.80000,204.80000,209.80000,42.50000,0.66400,14.589
238,2,799.38428,1.17000,28.24119,709.14709,709.14709,0.36000,20.12204,1.96400,190.00000,195.00000,199.80000,204.80000,209.80000,42.50000,0.66200,14.589
239,2,799.38428,0.97600,28.24119,707.30139,707.30139,0.36000,20.12204,1.97000,189.80000,195.00000,200.00000,204.80000,209.80000,42.70000,0.66400,14.590
240,2,799.19983,0.97400,28.24119,703.41565,703.41565,0.36000,20.05069,1.98000,189.60001,194.80000,199.80000,205.00000,209.80000,42.70000,0.66400,14.587
241,2,799.19983,0.89000,28.24119,705.55280,705.55280,0.36000,20.05069,1.98600,189.60001,194.80000,199.80000,205.00000,209.80000,42.70000,0.66400,14.594
242,2,799.19983,0.97800,28.24119,708.95282,708.95282,0.36000,20.12204,1.96400,189.60001,195.00000,200.00000,205.00000,209.80000,42.90000,0.66400,14.592
243,2,799.01538,0.95000,28.24119,705.45569,705.45569,0.36000,20.06598,1.96600,189.80000,195.10001,200.00000,205.00000,209.80000,43.00000,0.66400,14.588
244,2,799.19983,1.07000,28.24119,713.61572,713.61572,0.36000,20.11695,1.97800,190.00000,195.30000,200.10001,205.00000,210.00000,43.00000,0.66800,14.591
245,2,799.19983,1.55200,28.24119,705.26141,705.26141,0.36000,20.10675,1.97000,190.00000,195.60001,200.10001,205.00000,209.80000,43.20000,0.66600,14.594
246,2,799.19983,0.84400,28.24119,714.39288,714.39288,0.36000,20.05578,1.96800,190.10001,195.60001,200.10001,205.00000,209.80000,43.20000,0.66200,14.593
247,2,799.38428,0.97800,28.24119,709.82715,709.82715,0.36000,20.08127,1.98400,190.10001,195.50000,200.00000,205.00000,209.80000,43.20000,0.66400,14.580
248,2,799.19983,0.94200,28.24119,703.70709,703.70709,0.36000,20.08636,1.98400,190.10001,195.50000,200.10001,205.00000,209.80000,43.20000,0.66000,14.587
249,2,799.19983,0.86800,28.24119,708.27283,708.27283,0.36000,20.09656,1.97400,190.10001,195.30000,200.00000,205.00000,209.80000,43.20000,0.66600,14.588
250,2,799.19983,0.88000,28.24119,715.36432,715.36432,0.36000,20.08636,1.97200,190.00000,195.10001,199.80000,205.00000,209.80000,43.40000,0.66400,14.589
251,2,799.38428,1.28200,28.24119,712.74146,712.74146,0.36000,20.09146,1.97800,190.00000,195.10001,199.80000,205.00000,209.80000,43.40000,0.66600,14.594
252,2,799.38428,1.05200,28.24119,707.88428,707.88428,0.36000,20.11185,1.96400,190.10001,195.10001,199.80000,204.80000,209.80000,43.40000,0.66600,14.594
253,2,799.38428,0.93400,28.24119,710.31287,710.31287,0.36000,20.13224,1.97800,190.10001,195.10001,199.60001,204.80000,209.80000,43.40000,0.66200,14.591
254,2,799.19983,1.26400,28.24119,706.91284,706.91284,0.36000,20.04049,1.98400,190.10001,195.00000,199.80000,204.80000,209.80000,43.50000,0.66200,14.589
255,2,799.01538,1.04800,28.24119,705.74713,705.74713,0.36000,20.12204,1.99200,190.10001,195.00000,199.80000,204.80000,209.80000,43.50000,0.66200,14.596
256,2,799.19983,1.02000,28.24119,708.46710,708.46710,0.36000,20.07617,1.99600,190.10001,195.00000,199.80000,205.00000,210.00000,43.50000,0.66400,14.590
257,2,799.01538,1.13400,28.24119,704.96997,704.96997,0.36000,20.07617,1.98000,190.30000,195.00000,200.00000,205.00000,210.00000,43.50000,0.66400,14.583
258,2,799.19983,0.95600,28.24119,714.97571,714.97571,0.36000,20.11185,1.98600,190.10001,194.80000,200.10001,205.00000,210.00000,43.70000,0.66200,14.586
259,2,799.19983,0.93200,28.24119,710.99286,710.99286,0.36000,20.07617,1.98800,189.80000,194.60001,200.00000,205.00000,209.80000,43.50000,0.66200,14.594
260,2,799.01538,0.84600,28.24119,704.87280,704.87280,0.36000,20.11695,1.97400,189.80000,195.00000,199.80000,205.00000,209.80000,43.70000,0.66600,14.587
261,2,799.19983,1.05200,28.24119,711.18713,711.18713,0.36000,20.16282,1.98400,189.80000,195.10001,200.00000,205.00000,209.80000,43.70000,0.66200,14.592
262,2,799.01538,1.02800,28.24119,702.83282,702.83282,0.36000,20.12204,1.96000,189.80000,195.10001,199.80000,205.00000,209.80000,43.70000,0.66600,14.593
263,2,799.19983,0.93000,28.24119,717.11292,717.11292,0.36000,20.12204,1.97000,189.80000,195.10001,199.80000,204.80000,209.80000,43.70000,0.66400,14.592
264,2,799.38428,1.09400,28.24119,708.46710,708.46710,0.36000,20.11185,1.96600,189.80000,195.10001,199.80000,204.80000,209.80000,43.90000,0.66400,14.594
265,2,799.56873,0.96000,28.24119,710.99286,710.99286,0.36000,20.14753,1.97200,190.00000,195.00000,199.80000,204.80000,209.80000,43.90000,0.66600,14.591
266,2,799.19983,0.88400,28.24119,708.85571,708.85571,0.36000,20.10675,1.98000,190.00000,195.00000,200.00000,205.00000,210.00000,44.00000,0.66600,14.583
267,2,799.01538,0.88600,28.24119,715.07288,714.87860,0.36000,20.16282,1.98800,190.00000,194.80000,200.00000,205.00000,209.80000,44.00000,0.66400,14.588
268,2,799.19983,0.88400,28.24119,710.21570,710.21570,0.36000,20.09146,1.97400,190.10001,194.80000,199.80000,205.00000,210.00000,44.20000,0.66600,14.589
269,2,799.19983,0.98800,28.24119,709.14709,709.14709,0.36000,20.10165,1.98600,190.10001,195.00000,199.80000,205.00000,210.00000,44.20000,0.66000,14.587
270,2,799.19983,1.29800,28.24119,714.87860,714.78143,0.36000,20.12714,1.98200,190.10001,195.00000,199.80000,205.00000,210.00000,44.20000,0.66600,14.586
271,2,799.19983,0.89600,28.24119,697.00421,697.00421,0.36000,20.09146,1.97400,190.10001,194.60001,199.80000,205.00000,210.00000,44.20000,0.66600,14.590
272,2,799.19983,0.89400,28.24119,706.42712,706.42712,0.36000,20.09146,1.98400,190.00000,194.60001,199.80000,205.00000,209.80000,44.20000,0.66800,14.586
273,2,799.19983,1.00000,28.24119,708.66138,708.66138,0.36000,20.08636,1.96800,189.80000,194.80000,199.80000,205.00000,210.00000,44.20000,0.66400,14.587
274,2,799.19983,1.27800,28.24119,716.91858,716.91858,0.36000,20.09656,1.99600,189.80000,195.00000,200.10001,205.00000,210.00000,44.20000,0.66400,14.586
275,2,799.19983,0.92800,28.24119,717.40430,717.40430,0.36000,20.11695,1.99200,189.80000,195.00000,200.00000,205.00000,210.00000,44.40000,0.66200,14.586
276,2,799.38428,1.28800,28.24119,711.86713,711.67285,0.36000,20.10675,1.98200,189.80000,195.10001,200.00000,205.00000,210.00000,44.20000,0.66400,14.587
277,2,799.01538,0.88400,28.24119,713.71289,713.71289,0.36000,20.11185,1.98000,190.00000,195.30000,200.00000,205.00000,209.80000,44.40000,0.66200,14.586
