shot,shot_position,Cycle time,Clamping force,Peak value plasticizing screw,Transfer volume,Maximum injection pressure,Transfer injection pressure,Injection time,Cushion mass,Dosing time,Cylinder heating zone 1,Cylinder heating zone 2,Cylinder heating zone 3,Cylinder heating zone 4,Cylinder heating zone 5,Nozzle temperature,Mold protection time,tempSetValue,tempActualValue,tempMainLine,tempReturnLine,Product weight g
1,1,20.18800,800.30652,0.47400,28.21571,1989.88623,1645.02698,0.32800,22.64494,3.04000,199.80000,210.10001,220.10001,230.00000,239.80000,41.20000,0.66600,70.00000,70.00000,70.00000,70.00000,17.3557
2,1,20.18800,800.12207,0.35600,28.22590,2013.20068,1652.60425,0.32800,22.65514,3.06000,199.80000,210.00000,220.00000,230.00000,239.80000,40.70000,0.66800,70.00000,70.00000,70.00000,70.00000,17.3578
3,1,20.18800,800.30652,0.47400,28.21061,2023.98364,1647.94128,0.32400,22.62965,3.05600,199.80000,210.00000,220.00000,230.00000,239.80000,40.50000,0.67000,70.00000,70.00000,70.00000,70.00000,17.3560
4,1,20.18800,800.12207,0.35400,28.20042,2001.44629,1652.70142,0.32400,22.62456,3.05800,199.80000,210.10001,220.10001,229.80000,239.80000,40.20000,0.67000,70.00000,70.00000,70.00000,70.00000,17.3564
5,1,20.18800,800.12207,0.35200,28.20552,1993.09204,1655.51855,0.32400,22.63475,3.06400,199.60001,210.00000,220.00000,229.80000,239.80000,40.00000,0.66800,70.00000,70.00000,70.00000,70.00000,17.3567
6,1,20.18800,799.93762,0.35200,28.20042,1976.38330,1651.43848,0.32400,22.61946,3.06800,199.80000,209.80000,220.00000,230.00000,239.80000,39.90000,0.67000,70.00000,70.00000,70.00000,70.00000,17.3580
7,1,20.18800,800.30652,0.47600,28.24629,1975.60620,1655.13000,0.32400,22.65004,3.06200,199.80000,210.10001,220.10001,230.00000,239.80000,39.90000,0.67000,70.00000,70.00000,70.00000,70.00000,17.3568
8,1,20.18800,800.12207,0.35600,28.20042,1992.02344,1651.82703,0.32800,22.63475,3.05200,199.80000,210.00000,220.00000,230.00000,239.80000,39.70000,0.67200,70.00000,70.00000,70.00000,70.00000,17.3574
9,1,20.18800,800.12207,0.34600,28.23100,2000.96057,1649.78711,0.32400,22.63475,3.07000,199.80000,209.80000,220.00000,230.00000,239.80000,39.70000,0.67000,70.00000,70.00000,70.00000,70.00000,17.3541
10,1,20.19000,800.12207,0.40200,28.20552,2013.49207,1656.97571,0.32800,22.62965,3.06400,199.80000,210.10001,220.10001,230.00000,239.80000,39.70000,0.67200,70.00000,70.00000,70.00000,70.00000,17.3558
11,1,20.18800,800.12207,0.35400,28.20552,1993.09204,1658.82141,0.32600,22.63475,3.06200,199.80000,210.10001,220.00000,230.00000,239.80000,40.00000,0.67000,70.00000,70.00000,70.00000,70.00000,17.3575
12,1,20.19000,800.49097,0.35800,28.20552,2007.08069,1649.98132,0.32600,22.62965,3.06400,199.80000,209.80000,220.00000,230.00000,239.80000,40.00000,0.67000,70.00000,70.00000,70.00000,70.00000,17.3588
13,1,20.18800,800.30652,0.40400,28.24119,2008.63489,1649.98132,0.32800,22.65514,3.05600,199.80000,210.10001,220.10001,230.00000,240.00000,40.20000,0.66600,70.00000,70.00000,70.00000,70.00000,17.3547
14,1,20.18800,800.30652,0.40400,28.24119,2035.64087,1647.74707,0.32600,22.64494,3.05600,199.60001,210.10001,220.00000,229.80000,240.00000,40.20000,0.66800,70.00000,70.00000,70.00000,70.00000,17.3555
15,1,20.18800,799.93762,0.35600,28.20042,2009.99500,1651.34131,0.32600,22.63984,3.04800,199.60001,209.80000,220.00000,229.80000,240.00000,40.50000,0.67000,70.00000,70.00000,70.00000,70.00000,17.3559
16,1,20.18800,800.12207,0.35800,28.21571,2029.81226,1645.60986,0.32600,22.65514,3.06800,199.80000,210.10001,220.10001,229.80000,239.80000,40.50000,0.67000,70.00000,70.00000,70.00000,70.00000,17.3543
17,1,20.18800,800.30652,0.40200,28.24629,2016.89209,1645.22131,0.32400,22.66023,3.05600,199.80000,210.10001,220.10001,230.00000,239.80000,40.70000,0.67000,70.00000,70.00000,70.00000,70.00000,17.3535
18,1,20.18800,800.12207,0.40600,28.21061,2022.23499,1650.95276,0.32800,22.62965,3.05800,199.80000,210.00000,220.00000,230.00000,239.80000,40.90000,0.67000,70.00000,70.00000,70.00000,70.00000,17.3571
19,1,20.18800,800.12207,0.40800,28.24629,2008.73206,1650.75854,0.32400,22.65004,3.05600,199.80000,210.10001,220.10001,229.80000,239.80000,41.00000,0.67000,70.00000,70.00000,70.00000,70.00000,17.3532
20,1,20.18800,800.30652,0.35600,28.19532,2038.45801,1642.40417,0.32600,22.64494,3.05800,199.80000,210.10001,220.00000,229.80000,239.80000,41.20000,0.66600,70.00000,70.00000,70.00000,70.00000,17.3566
21,1,20.18800,800.12207,0.41800,28.22081,1997.56055,1650.17566,0.32600,22.62965,3.05600,199.80000,209.80000,220.00000,229.80000,239.80000,41.40000,0.66800,70.00000,70.00000,70.00000,70.00000,17.3565
22,1,20.18800,800.30652,0.35600,28.21061,2014.07495,1647.94128,0.32600,22.65004,3.05400,199.80000,210.10001,220.10001,230.00000,239.80000,41.40000,0.67200,70.00000,70.00000,70.00000,70.00000,17.3556
23,1,20.19000,800.12207,0.35600,28.19532,2021.16638,1645.41565,0.32600,22.63984,3.05200,200.00000,210.00000,220.00000,230.00000,239.80000,41.70000,0.67200,70.00000,70.00000,70.00000,70.00000,17.3561
24,1,20.18800,800.30652,0.35800,28.23610,2025.53784,1643.86133,0.32400,22.63475,3.07000,200.00000,209.80000,220.00000,230.00000,239.80000,41.70000,0.66800,70.00000,70.00000,70.00000,70.00000,17.3553
25,1,20.19000,800.12207,0.35400,28.21061,2035.93225,1642.50134,0.32600,22.65004,3.06400,200.10001,210.10001,220.10001,230.00000,239.80000,41.90000,0.66800,70.00000,70.00000,70.00000,70.00000,17.3566
26,1,20.18800,800.30652,0.35800,28.24629,2023.98364,1645.31848,0.32600,22.63984,3.05200,200.00000,210.10001,220.00000,230.00000,239.80000,42.00000,0.67200,70.00000,70.00000,70.00000,70.00000,17.3557
27,1,20.18800,800.12207,0.35800,28.22081,1992.50916,1649.88416,0.32600,22.66023,3.05200,200.10001,209.80000,220.00000,230.00000,239.80000,42.00000,0.66800,70.00000,70.00000,70.00000,70.00000,17.3582
28,1,20.18800,800.12207,0.40400,28.22081,2012.03491,1643.37561,0.32400,22.63984,3.06600,200.10001,210.10001,220.10001,230.00000,239.80000,42.20000,0.67000,70.00000,70.00000,70.00000,70.00000,17.3579
29,1,20.18800,800.12207,0.39800,28.24629,1995.61768,1651.34131,0.32600,22.64494,3.06600,200.00000,210.10001,220.10001,230.00000,239.80000,42.20000,0.66400,70.00000,70.00000,70.00000,70.00000,17.3574
30,1,20.18800,800.30652,0.35200,28.24119,2023.98364,1646.38708,0.32400,22.66533,3.06000,200.10001,210.00000,220.10001,230.00000,239.80000,42.50000,0.66800,70.00000,70.00000,70.00000,70.00000,17.3544
31,1,20.18800,800.12207,0.41200,28.23100,2006.98352,1648.23279,0.32600,22.66023,3.05000,200.10001,210.10001,220.10001,230.00000,239.80000,42.50000,0.67000,70.00000,70.00000,70.00000,70.00000,17.3552
32,1,20.18800,800.12207,0.35400,28.24119,2024.46936,1646.28992,0.32400,22.65004,3.05000,200.00000,210.10001,220.10001,230.00000,239.80000,42.70000,0.67000,70.00000,70.00000,70.00000,70.00000,17.3574
33,1,20.18800,800.12207,0.40000,28.22590,2030.58936,1645.60986,0.32600,22.64494,3.05600,200.10001,210.00000,220.10001,230.00000,239.80000,42.90000,0.67000,70.00000,70.00000,70.00000,70.00000,17.3554
34,1,20.19000,799.93762,0.35400,28.20552,2044.18945,1641.43274,0.32600,22.65004,3.05800,200.10001,210.10001,220.10001,230.00000,239.80000,43.00000,0.67000,70.00000,70.00000,70.00000,70.00000,17.3546
35,1,20.19000,800.30652,0.42400,28.20042,2034.37793,1646.67847,0.32800,22.64494,3.04800,200.10001,210.00000,220.10001,230.00000,239.80000,43.00000,0.66800,70.00000,70.00000,70.00000,70.00000,17.3582
36,1,20.18800,800.12207,0.35400,28.23610,2005.33203,1649.98132,0.32600,22.64494,3.05200,200.10001,210.00000,220.10001,230.00000,239.80000,43.20000,0.67000,70.00000,70.00000,70.00000,70.00000,17.3573
37,1,20.18800,800.12207,0.40000,28.22590,2005.52637,1655.61572,0.32400,22.65514,3.04800,200.10001,210.10001,220.10001,229.80000,239.80000,43.20000,0.66800,70.00000,70.00000,70.00000,70.00000,17.3575
38,1,20.18800,800.12207,0.34600,28.23100,2025.82935,1642.50134,0.32400,22.62456,3.06000,200.00000,210.00000,220.00000,230.00000,239.80000,43.20000,0.67000,70.00000,70.00000,70.00000,70.00000,17.3574
39,1,20.19000,800.30652,0.47400,28.20042,2033.60083,1648.03845,0.32800,22.64494,3.06400,200.10001,209.80000,220.00000,230.00000,239.80000,43.50000,0.67000,70.00000,70.00000,70.00000,70.00000,17.3580
40,1,20.18800,800.12207,0.35600,28.21571,1984.83484,1648.81567,0.32600,22.64494,3.06000,200.00000,210.10001,220.10001,230.00000,239.80000,43.50000,0.67000,70.00000,70.00000,70.00000,70.00000,17.3568
41,1,20.18800,800.12207,0.40200,28.25139,1976.57764,1646.96985,0.32800,22.64494,3.05600,200.00000,210.00000,220.00000,230.00000,239.80000,43.70000,0.66800,70.00000,70.00000,70.00000,70.00000,17.3590
42,1,20.18800,800.12207,1.53000,28.21571,1982.69763,1652.99280,0.32400,22.62965,3.06800,200.10001,209.80000,220.00000,230.00000,239.80000,43.90000,0.67000,70.00000,70.00000,70.00000,70.00000,17.3576
43,1,20.18800,799.93762,0.35400,28.20552,1984.93188,1652.21570,0.32600,22.65514,3.06800,200.00000,210.10001,220.10001,230.00000,239.80000,44.00000,0.67000,70.00000,70.00000,70.00000,70.10000,17.3589
44,1,20.18800,800.12207,0.34800,28.24629,2016.40637,1649.20422,0.32600,22.64494,3.04600,200.00000,210.00000,220.00000,230.00000,239.80000,44.00000,0.67000,70.00000,70.00000,70.00000,70.10000,17.3555
45,1,20.19000,800.12207,0.35000,28.24119,2039.13794,1646.28992,0.32600,22.63984,3.05600,200.10001,209.80000,220.00000,230.00000,239.80000,44.20000,0.67000,70.00000,70.00000,70.00000,70.10000,17.3592
46,1,20.19000,800.49097,0.42000,28.20552,2048.26953,1642.01563,0.32600,22.65514,3.06400,200.10001,210.10001,220.10001,230.00000,239.80000,44.50000,0.66800,70.00000,70.00000,70.00000,70.10000,17.3559
47,1,20.19000,799.93762,0.35600,28.21061,2032.43506,1646.28992,0.32800,22.63984,3.05000,200.10001,210.10001,220.00000,230.00000,239.80000,44.50000,0.66800,70.00000,70.00000,70.00000,70.10000,17.3547
48,1,20.18800,800.30652,0.42000,28.20042,2005.91492,1648.32996,0.32400,22.66023,3.06800,200.10001,210.00000,220.00000,230.00000,239.80000,44.50000,0.67000,70.00000,70.00000,70.00000,70.10000,17.3570
49,1,20.19000,800.12207,0.35800,28.22590,2037.48657,1645.22131,0.32800,22.63984,3.05800,200.00000,210.10001,220.10001,230.00000,239.80000,44.50000,0.67000,70.00000,70.00000,70.00000,70.10000,17.3552
50,1,20.19000,800.30652,0.41600,28.20042,2033.01794,1644.73560,0.32800,22.66023,3.05600,200.00000,210.00000,220.00000,230.00000,239.80000,44.70000,0.67000,70.00000,70.00000,70.00000,70.10000,17.3547
51,1,20.19000,800.12207,0.35800,28.21571,2024.27502,1649.20422,0.32800,22.62965,3.04600,200.10001,210.00000,220.00000,230.00000,239.80000,44.70000,0.67000,70.00000,70.00000,70.00000,70.10000,17.3589
52,1,20.18800,800.12207,0.35800,28.24119,2014.65784,1649.39844,0.32600,22.65004,3.05600,199.80000,210.10001,220.10001,230.00000,239.80000,44.70000,0.66800,70.00000,70.00000,70.00000,70.10000,17.3591
53,1,20.19000,800.12207,0.35600,28.20042,2038.06946,1649.10706,0.32800,22.66533,3.05800,199.80000,209.80000,220.00000,230.00000,239.80000,44.90000,0.66800,70.00000,70.00000,70.00000,70.10000,17.3561
54,1,20.18800,800.12207,0.40400,28.20552,2011.16064,1648.81567,0.32400,22.68062,3.04400,200.00000,210.00000,220.10001,230.00000,239.80000,45.00000,0.67400,70.00000,70.00000,70.00000,70.10000,17.3545
55,1,20.18800,800.12207,0.35600,28.22081,2030.88074,1643.47278,0.32800,22.65004,3.05200,199.80000,210.00000,220.00000,229.80000,239.80000,45.00000,0.66600,70.00000,70.00000,70.00000,70.10000,17.3551
56,1,20.18800,800.12207,0.41800,28.21061,2027.86938,1654.06140,0.32600,22.64494,3.05000,199.80000,209.80000,219.80000,229.80000,239.80000,45.20000,0.66800,70.00000,70.00000,70.00000,70.10000,17.3570
57,1,20.18800,799.93762,0.35600,28.23610,2033.01794,1646.96985,0.32600,22.65004,3.05400,199.80000,210.10001,220.10001,229.80000,239.80000,45.20000,0.67200,70.00000,70.00000,70.00000,70.10000,17.3528
58,1,20.18800,799.93762,0.35200,28.21061,2028.74365,1651.24426,0.32600,22.65514,3.05000,199.80000,210.00000,220.00000,229.80000,239.80000,45.40000,0.66600,70.00000,70.00000,70.00000,70.10000,17.3575
59,1,20.18800,800.12207,0.35800,28.20552,2019.02930,1647.06702,0.32600,22.65514,3.05400,200.00000,209.80000,219.80000,229.80000,239.80000,45.20000,0.66600,70.00000,70.00000,70.00000,70.10000,17.3553
60,1,20.18800,799.93762,0.40400,28.22590,2040.49805,1645.41565,0.32400,22.64494,3.05400,199.80000,210.10001,220.10001,230.00000,239.80000,45.40000,0.66800,70.00000,70.00000,70.00000,70.10000,17.3540
61,1,20.18800,800.12207,0.35400,28.23610,2028.25793,1647.74707,0.32600,22.68062,3.04600,199.80000,210.00000,220.00000,230.00000,239.80000,45.40000,0.66800,70.00000,70.00000,70.00000,70.10000,17.3563
62,1,20.18800,800.12207,0.35600,28.24119,2027.38367,1643.86133,0.32600,22.65514,3.05000,199.80000,210.00000,220.00000,230.00000,240.00000,45.50000,0.66800,70.00000,70.00000,70.00000,70.10000,17.3536
63,1,20.18800,800.12207,0.41800,28.21571,2037.58374,1649.00989,0.32600,22.64494,3.04000,199.80000,210.10001,220.00000,230.00000,240.00000,45.50000,0.67000,70.00000,70.00000,70.00000,70.10000,17.3558
64,1,20.19000,800.12207,0.40200,28.20042,2036.22363,1645.31848,0.32600,22.67552,3.05400,199.80000,209.80000,220.00000,230.00000,239.80000,45.50000,0.67000,70.00000,70.00000,70.00000,70.10000,17.3532
65,1,20.19000,800.12207,0.35600,28.20552,2035.05798,1645.80420,0.32600,22.65514,3.06000,199.80000,210.00000,220.00000,230.00000,239.80000,45.50000,0.66800,70.00000,70.00000,70.00000,70.10000,17.3516
66,1,20.19000,800.12207,0.35600,28.25139,2040.59509,1647.45557,0.32600,22.67043,3.05200,199.80000,210.10001,220.00000,230.00000,239.80000,45.50000,0.67000,70.00000,70.00000,70.00000,70.10000,17.3537
67,1,20.18800,799.93762,0.35000,28.22081,2002.61206,1648.32996,0.32600,22.65004,3.05000,199.80000,209.80000,220.00000,230.00000,239.80000,45.70000,0.66600,70.00000,70.00000,70.00000,70.10000,17.3560
68,1,20.18800,799.93762,0.41000,28.23610,2038.74939,1644.92993,0.32400,22.64494,3.05000,199.80000,210.10001,220.10001,230.00000,239.80000,45.70000,0.67000,70.00000,70.00000,70.00000,70.10000,17.3522
69,1,20.18800,800.12207,0.35800,28.19532,2029.22937,1648.32996,0.32800,22.65004,3.06400,199.80000,210.00000,220.00000,230.00000,239.80000,45.70000,0.66800,70.00000,70.00000,70.00000,70.10000,17.3525
70,1,20.18800,800.12207,0.35600,28.21571,2025.53784,1648.52417,0.32400,22.65514,3.04800,199.80000,209.80000,219.80000,230.00000,239.80000,45.90000,0.66600,70.00000,70.00000,70.00000,70.10000,17.3550
71,1,20.18800,800.12207,0.35600,28.22081,2033.01794,1644.44421,0.32400,22.66533,3.05800,199.80000,210.10001,220.00000,230.00000,239.80000,45.90000,0.67600,70.00000,70.00000,70.00000,70.10000,17.3544
72,1,20.18800,799.93762,0.35800,28.20042,2025.53784,1646.58130,0.32600,22.68062,3.06600,199.80000,210.00000,220.00000,229.80000,239.80000,46.00000,0.66600,70.00000,70.00000,70.00000,70.10000,17.3518
73,1,20.18800,799.93762,0.35800,28.22590,2019.61218,1644.63843,0.32800,22.67043,3.06800,199.80000,209.80000,219.80000,230.00000,239.80000,46.00000,0.66800,70.00000,70.00000,70.00000,70.10000,17.3538
74,1,20.18800,800.12207,0.35200,28.20552,2011.35498,1643.37561,0.32400,22.66023,3.05600,200.00000,210.00000,220.00000,230.00000,239.80000,46.00000,0.66800,70.00000,70.00000,70.00000,70.10000,17.3506
75,1,20.18800,799.93762,0.35400,28.24119,2000.08630,1643.37561,0.32400,22.65004,3.06000,200.00000,210.10001,220.00000,230.00000,239.80000,46.20000,0.66800,70.00000,70.00000,70.00000,70.10000,17.3554
76,1,20.18800,799.93762,0.35000,28.21571,2018.93213,1649.10706,0.32800,22.66023,3.06800,200.10001,209.80000,219.80000,230.00000,239.80000,46.20000,0.67000,70.00000,70.00000,70.00000,70.10000,17.3543
77,1,20.18800,799.93762,0.35600,28.24119,2027.28650,1646.87280,0.32400,22.68062,3.06600,200.10001,210.00000,220.00000,230.00000,239.80000,46.20000,0.67000,70.00000,70.00000,70.00000,70.10000,17.3538
78,1,20.18800,800.12207,0.35200,28.22590,2024.85791,1649.39844,0.32400,22.68572,3.04800,200.10001,210.10001,220.00000,230.00000,240.00000,46.20000,0.67000,70.00000,70.00000,70.00000,70.10000,17.3510
79,1,20.18800,799.93762,0.35600,28.20042,2028.25793,1648.13562,0.32800,22.69081,3.06800,200.10001,209.80000,220.00000,230.00000,240.00000,46.20000,0.66600,70.00000,70.00000,70.00000,70.10000,17.3562
80,1,20.18800,799.93762,0.35800,28.22590,2033.50366,1644.73560,0.32400,22.67043,3.06200,200.10001,210.00000,220.00000,230.00000,239.80000,46.40000,0.67000,70.00000,70.00000,70.00000,70.10000,17.3504
81,1,20.18800,799.93762,0.41800,28.22590,2031.94934,1647.16418,0.32600,22.67043,3.06400,200.10001,210.10001,220.10001,230.00000,239.80000,46.20000,0.67000,70.00000,70.00000,70.00000,70.10000,17.3513
82,1,20.18800,800.12207,0.35400,28.21061,2005.23486,1642.30701,0.32400,22.66533,3.06000,200.10001,210.00000,220.00000,230.00000,239.80000,46.40000,0.66600,70.00000,70.00000,70.00000,70.10000,17.3563
83,1,20.18800,799.93762,0.42000,28.24629,2035.34937,1650.17566,0.32600,22.68062,3.05200,200.30000,210.00000,220.10001,230.00000,239.80000,46.40000,0.66800,70.00000,70.00000,70.00000,70.10000,17.3534
84,1,20.18800,799.93762,0.47200,28.23610,2023.10925,1644.92993,0.32400,22.63984,3.06600,200.10001,210.10001,220.10001,230.00000,239.80000,46.40000,0.66800,70.00000,70.00000,70.00000,70.10000,17.3544
85,1,20.18800,800.12207,0.41200,28.24119,2026.41223,1645.02698,0.32600,22.66533,3.06000,200.10001,210.00000,220.10001,230.00000,239.80000,46.20000,0.66800,70.00000,70.00000,70.00000,70.10000,17.3528
86,1,20.18800,800.12207,0.40200,28.24629,2023.78931,1646.67847,0.32400,22.66533,3.05600,200.30000,210.00000,220.00000,230.00000,239.80000,46.20000,0.66800,70.00000,70.00000,70.00000,70.10000,17.3513
87,1,20.18800,800.12207,0.35600,28.20042,2002.32056,1652.89563,0.32600,22.65514,3.06200,200.10001,210.10001,220.10001,230.00000,239.80000,45.50000,0.67000,70.00000,70.00000,70.00000,70.10000,17.3538
88,1,20.19000,800.12207,0.35600,28.24629,2025.92651,1647.06702,0.32600,22.67043,3.05400,200.10001,210.00000,220.10001,230.00000,239.80000,44.50000,0.66800,70.00000,70.00000,70.00000,70.10000,17.3541
89,1,20.18800,799.93762,0.42000,28.24119,1995.90918,1654.54712,0.32600,22.67043,3.06000,200.30000,210.00000,220.10001,230.00000,239.80000,43.70000,0.66800,70.00000,70.00000,70.00000,70.10000,17.3566
90,1,20.18800,799.75317,0.35000,28.20552,1979.97766,1646.38708,0.32800,22.65004,3.05200,200.10001,210.10001,220.00000,230.00000,239.80000,43.20000,0.67000,70.00000,70.00000,70.00000,70.10000,17.3566
91,1,20.18800,800.12207,1.53800,28.21571,1979.58899,1660.18140,0.32600,22.68062,3.05000,200.10001,210.00000,220.00000,230.00000,239.80000,43.00000,0.66600,70.00000,70.00000,70.00000,70.10000,17.3582
92,1,20.18800,799.75317,0.35200,28.21061,1946.17175,1654.64429,0.32600,22.66023,3.05800,200.10001,210.10001,220.10001,230.00000,240.00000,43.00000,0.66600,70.00000,70.00000,70.00000,70.10000,17.3571
93,1,20.18800,799.93762,0.35600,28.21571,1972.40039,1656.29565,0.32600,22.65514,3.04800,200.10001,210.10001,220.10001,230.00000,240.00000,43.00000,0.66600,70.00000,70.00000,70.00000,70.10000,17.3574
94,1,20.18800,799.75317,0.35400,28.20552,1966.57178,1656.39282,0.32400,22.65004,3.04000,200.10001,210.00000,220.10001,230.00000,239.80000,42.90000,0.66600,70.00000,70.00000,70.00000,70.10000,17.3569
95,1,20.18800,799.75317,0.41400,28.21571,1986.38904,1650.85559,0.32400,22.65514,3.05000,200.00000,210.10001,220.10001,230.00000,239.80000,43.00000,0.66800,70.00000,70.00000,70.00000,70.10000,17.3577
96,1,20.18800,799.75317,0.35200,28.24629,1964.72607,1657.46143,0.32400,22.68572,3.04000,200.00000,210.00000,220.10001,230.00000,239.80000,43.20000,0.67000,70.00000,70.00000,70.00000,70.10000,17.3588
97,1,20.18800,799.93762,0.35600,28.21571,1952.77747,1653.96423,0.32600,22.68572,3.05400,200.10001,210.10001,220.10001,230.00000,239.80000,43.40000,0.67000,70.00000,70.00000,70.00000,70.10000,17.3553
98,1,20.18800,799.56873,0.35800,28.24629,2037.09802,1647.45557,0.32400,22.65514,3.04600,200.10001,210.10001,220.10001,230.00000,239.80000,43.50000,0.66800,70.00000,70.00000,70.00000,70.10000,17.3513
99,1,20.19000,799.93762,0.40400,28.22081,2034.47510,1653.38135,0.32800,22.66023,3.05400,200.00000,209.80000,220.10001,230.00000,239.80000,43.70000,0.67200,70.00000,70.00000,70.00000,70.10000,17.3556
100,1,20.18800,799.75317,0.35800,28.25139,2024.17786,1649.00989,0.32800,22.66533,3.05600,200.00000,210.10001,220.10001,230.00000,239.80000,43.70000,0.67000,70.00000,70.00000,70.00000,70.10000,17.3540
101,1,20.18800,799.56873,0.34400,28.23100,2020.48645,1650.56421,0.32600,22.66023,3.05200,200.00000,210.10001,220.10001,230.00000,239.80000,44.00000,0.67200,70.00000,70.00000,70.00000,70.10000,17.3538
102,1,20.18800,799.75317,0.35000,28.25139,1978.52051,1653.18713,0.32600,22.66023,3.05400,200.00000,210.00000,220.10001,230.00000,240.00000,44.00000,0.67200,70.00000,70.00000,70.00000,70.10000,17.3571
103,1,20.18800,800.12207,0.35400,28.21061,1981.24048,1657.16992,0.32600,22.66023,3.05200,200.00000,210.10001,220.10001,230.00000,240.00000,44.20000,0.67000,70.00000,70.00000,70.00000,70.10000,17.3549
104,1,20.18800,799.75317,0.35200,28.25139,1959.96606,1651.14709,0.32400,22.63984,3.06200,200.00000,210.10001,220.00000,230.00000,239.80000,44.20000,0.67200,70.00000,70.00000,70.00000,70.10000,17.3567
105,1,20.18800,799.93762,0.41800,28.21061,2036.22363,1643.66699,0.32600,22.63475,3.05400,200.00000,210.00000,220.00000,230.00000,239.80000,44.40000,0.67200,70.00000,70.00000,70.00000,70.10000,17.3528
106,1,20.18800,799.75317,0.47400,28.24119,2038.45801,1643.86133,0.32600,22.65514,3.05600,200.00000,210.10001,220.10001,230.00000,239.80000,44.50000,0.67000,70.00000,70.00000,70.00000,70.10000,17.3518
107,1,20.18800,799.56873,0.35800,28.21571,2026.70361,1649.98132,0.32600,22.65004,3.05000,200.00000,210.00000,220.10001,230.00000,239.80000,44.50000,0.67000,70.00000,70.00000,70.00000,70.10000,17.3574
108,1,20.18800,799.75317,0.35400,28.21061,2019.02930,1645.12415,0.32400,22.67552,3.05400,200.00000,210.00000,220.10001,230.00000,239.80000,44.50000,0.67000,70.00000,70.00000,70.00000,70.10000,17.3559
109,1,20.18800,799.75317,0.40800,28.21571,2016.89209,1649.20422,0.32400,22.63984,3.05800,200.00000,210.10001,220.10001,230.00000,239.80000,44.90000,0.66600,70.00000,70.00000,70.00000,70.10000,17.3561
110,1,20.18800,799.38428,0.35400,28.21571,2021.36072,1647.84424,0.32400,22.67043,3.06000,200.00000,210.00000,220.10001,230.00000,239.80000,44.90000,0.67000,70.00000,70.00000,70.00000,70.10000,17.3559
111,1,20.18800,799.75317,0.35200,28.23610,2032.62939,1647.64990,0.32400,22.66533,3.05200,200.10001,210.00000,220.10001,230.00000,239.80000,45.00000,0.66800,70.00000,70.00000,70.00000,70.10000,17.3575
112,1,20.18800,799.56873,0.35600,28.25139,1998.14343,1644.44421,0.32800,22.63984,3.05800,200.10001,210.10001,220.10001,230.00000,239.80000,45.20000,0.66800,70.00000,70.00000,70.00000,70.10000,17.3549
113,1,20.18800,799.75317,0.41200,28.20552,2021.16638,1650.27283,0.32400,22.66533,3.05600,200.10001,210.10001,220.10001,230.00000,239.80000,45.20000,0.67000,70.00000,70.00000,70.00000,70.10000,17.3583
114,1,20.18800,799.75317,0.35600,28.22806,2029.08362,1647.01849,0.32500,22.65514,3.06600,200.10001,210.10001,220.10001,230.00000,239.80000,45.20000,0.67000,70.00000,70.00000,70.00000,70.10000,17.3550
115,1,20.19000,799.75317,0.35400,28.19532,2037.00085,1643.76416,0.32600,22.64494,3.07600,200.10001,210.00000,220.10001,230.00000,239.80000,45.40000,0.66400,70.00000,70.00000,70.00000,70.10000,17.3563
116,1,20.18800,799.56873,0.40400,28.19532,2016.60071,1647.94128,0.32400,22.66533,3.05400,200.10001,210.10001,220.10001,230.00000,239.80000,45.50000,0.66600,70.00000,70.00000,70.00000,70.10000,17.3579
117,1,20.18800,799.56873,0.40600,28.23610,2027.67505,1644.05554,0.32400,22.65004,3.04400,200.10001,210.00000,220.10001,230.00000,239.80000,45.70000,0.66800,70.00000,70.00000,70.00000,70.10000,17.3535
118,1,20.18800,799.56873,0.35600,28.21061,2037.29224,1648.13562,0.32400,22.67552,3.06200,200.10001,210.00000,220.10001,230.00000,239.80000,45.70000,0.67200,70.00000,70.00000,70.00000,70.10000,17.3552
119,1,20.18800,799.56873,0.35400,28.21571,2022.52649,1649.20422,0.32800,22.65004,3.04800,200.10001,210.10001,220.10001,230.00000,239.80000,45.70000,0.67200,70.00000,70.00000,70.00000,70.10000,17.3562
120,1,20.19000,799.38428,0.42200,28.24119,2041.46948,1650.27283,0.32600,22.67043,3.04400,200.00000,209.80000,220.10001,230.00000,239.80000,45.90000,0.67000,70.00000,70.00000,70.00000,70.10000,17.3526
121,1,20.18800,799.56873,0.40200,28.25139,2016.40637,1651.14709,0.32600,22.68572,3.05200,200.10001,210.10001,220.10001,229.80000,239.80000,46.00000,0.66800,70.00000,70.00000,70.00000,70.10000,17.3563
122,1,20.18800,799.56873,0.40200,28.23610,2035.25220,1647.26135,0.32400,22.68572,3.03600,200.10001,210.00000,220.00000,230.00000,239.80000,46.00000,0.67000,70.00000,70.00000,70.00000,70.10000,17.3556
123,1,20.18800,799.56873,0.40200,28.23100,2032.82361,1648.03845,0.32600,22.65004,3.05600,200.00000,210.00000,220.00000,230.00000,239.80000,46.00000,0.67000,70.00000,70.00000,70.00000,70.10000,17.3566
124,1,20.18800,799.56873,0.35000,28.25139,2028.45215,1650.07849,0.32600,22.67552,3.04400,200.00000,210.10001,220.10001,230.00000,239.80000,46.20000,0.66800,70.00000,70.00000,70.00000,70.10000,17.3553
125,1,20.18800,799.75317,1.48800,28.25139,2028.64648,1650.46704,0.32400,22.67043,3.04200,200.10001,209.80000,220.00000,230.00000,239.80000,46.40000,0.66800,70.00000,70.00000,70.00000,70.10000,17.3583
126,1,20.18800,799.56873,0.40200,28.20042,2034.57227,1645.70703,0.32600,22.67552,3.05200,200.00000,210.10001,220.00000,230.00000,239.80000,46.50000,0.67000,70.00000,70.00000,70.00000,70.10000,17.3534
127,1,20.18800,799.56873,0.35400,28.24119,2022.72070,1644.05554,0.32400,22.65514,3.05200,200.00000,209.80000,220.00000,230.00000,239.80000,46.50000,0.67000,70.00000,70.00000,70.00000,70.10000,17.3565
128,1,20.18800,799.38428,0.34800,28.22590,2022.81787,1642.98706,0.32400,22.66023,3.03600,200.10001,209.80000,220.00000,230.00000,239.80000,46.50000,0.67200,70.00000,70.00000,70.00000,70.10000,17.3557
129,1,20.18800,799.75317,0.41800,28.22590,2044.28662,1646.09558,0.32600,22.66533,3.04800,199.80000,210.10001,220.00000,230.00000,239.80000,46.50000,0.67000,70.00000,70.00000,70.00000,70.10000,17.3574
130,1,20.18800,799.38428,0.35600,28.21061,2001.54346,1649.00989,0.32600,22.68572,3.05600,200.00000,210.00000,220.00000,230.00000,239.80000,46.70000,0.67000,70.00000,70.00000,70.00000,70.10000,17.3545
131,1,20.18800,799.56873,0.41800,28.24629,2030.97791,1650.56421,0.32400,22.67552,3.05400,200.10001,210.10001,220.00000,230.00000,239.80000,46.90000,0.66800,70.00000,70.00000,70.00000,70.10000,17.3576
132,1,20.18800,799.56873,0.35200,28.20552,2011.35498,1647.94128,0.32600,22.66533,3.04200,200.10001,210.10001,220.00000,230.00000,239.80000,47.00000,0.66800,70.00000,70.00000,70.00000,70.10000,17.3585
133,1,20.19000,799.38428,0.40200,28.24629,2015.24072,1653.28418,0.32600,22.66023,3.05800,200.00000,210.00000,220.00000,230.00000,239.80000,47.20000,0.66600,70.00000,70.00000,70.00000,70.10000,17.3573
134,1,20.18800,799.56873,0.40400,28.23100,2009.89783,1651.14709,0.32600,22.67552,3.06200,200.10001,210.10001,220.00000,230.00000,239.80000,47.20000,0.67200,70.00000,70.00000,70.00000,70.10000,17.3580
135,1,20.18800,799.38428,0.35200,28.20042,2022.13782,1652.02136,0.32600,22.65004,3.04400,200.00000,210.10001,220.00000,230.00000,239.80000,47.20000,0.66800,70.00000,70.00000,70.00000,70.10000,17.3567
136,1,20.19000,799.38428,0.41200,28.19532,2034.96082,1655.03284,0.32800,22.67043,3.06200,199.80000,210.00000,219.80000,230.00000,240.00000,47.20000,0.66800,70.00000,70.00000,70.00000,70.10000,17.3556
137,1,20.18800,799.56873,0.41800,28.21061,2042.82947,1646.58130,0.32600,22.67552,3.06400,200.00000,210.00000,220.00000,230.00000,240.00000,47.20000,0.66600,70.00000,70.00000,70.00000,70.10000,17.3561
138,1,20.18800,799.56873,0.47600,28.22590,2014.56067,1652.21570,0.32400,22.67552,3.05400,200.00000,210.10001,220.00000,230.00000,240.00000,47.00000,0.67000,70.00000,70.00000,70.00000,70.10000,17.3573
139,1,20.18800,799.56873,0.35600,28.23610,2008.44067,1652.31274,0.32800,22.68062,3.05200,199.80000,209.80000,219.80000,230.00000,240.00000,47.00000,0.66800,70.00000,70.00000,70.00000,70.10000,17.3591
140,1,20.18800,799.56873,0.35600,28.24629,1987.45764,1656.78137,0.32600,22.66023,3.05800,199.80000,210.00000,220.10001,230.00000,240.00000,46.70000,0.66600,70.00000,70.00000,70.00000,70.10000,17.3586
141,1,20.18800,799.56873,0.35400,28.24119,2018.73792,1652.89563,0.32400,22.67043,3.04400,199.80000,210.00000,219.80000,230.00000,239.80000,46.20000,0.67200,70.00000,70.00000,70.00000,70.10000,17.3588
142,1,20.18800,799.38428,0.35800,28.20552,2030.00647,1651.04993,0.32800,22.66023,3.04400,199.80000,209.80000,219.80000,230.00000,239.80000,45.90000,0.67200,70.00000,70.00000,70.00000,70.10000,17.3542
143,1,20.18800,799.56873,0.40400,28.23100,2025.63501,1650.27283,0.32800,22.65004,3.05200,199.80000,210.10001,220.00000,230.00000,239.80000,45.50000,0.67000,70.00000,70.00000,70.00000,70.10000,17.3595
144,1,20.18800,799.38428,0.35600,28.19532,2024.85791,1650.27283,0.32400,22.67043,3.04000,199.60001,209.80000,220.00000,230.00000,239.80000,45.00000,0.67000,70.00000,70.00000,70.00000,70.10000,17.3567
145,1,20.18800,799.56873,0.40000,28.23100,2024.37219,1650.17566,0.32600,22.68062,3.04400,199.80000,210.10001,220.00000,230.00000,239.80000,44.50000,0.66600,70.00000,70.00000,70.00000,70.10000,17.3579
146,1,20.18800,799.56873,0.41000,28.22081,2039.91516,1651.72998,0.32600,22.68062,3.03600,199.60001,210.00000,219.80000,230.00000,239.80000,44.00000,0.67000,70.00000,70.00000,70.00000,70.10000,17.3544
147,1,20.18800,799.38428,0.40600,28.24629,2022.13782,1650.07849,0.32600,22.66533,3.05200,199.60001,209.80000,219.80000,230.00000,239.80000,43.70000,0.66800,70.00000,70.00000,70.00000,70.10000,17.3564
148,1,20.18800,799.38428,0.35200,28.24629,2024.37219,1649.10706,0.32600,22.66533,3.05400,199.60001,210.00000,220.10001,230.00000,239.80000,43.40000,0.66600,70.00000,70.00000,70.00000,70.10000,17.3561
149,1,20.19000,799.38428,0.35400,28.22081,2022.33215,1648.91272,0.32800,22.66023,3.04600,199.60001,209.80000,220.00000,230.00000,239.80000,43.00000,0.66800,70.00000,70.00000,70.00000,70.10000,17.3543
150,1,20.18800,799.56873,0.47600,28.22590,2019.90356,1650.85559,0.32400,22.66533,3.05200,199.60001,209.80000,220.00000,230.00000,239.80000,42.70000,0.66800,70.00000,70.00000,70.00000,70.10000,17.3557
151,1,20.18800,799.38428,0.35800,28.25139,2036.32080,1649.30139,0.32600,22.68572,3.03600,199.60001,210.00000,219.80000,230.00000,239.80000,42.70000,0.66600,70.00000,70.00000,70.00000,70.10000,17.3560
152,1,20.19000,799.38428,0.40200,28.20042,2037.68079,1654.15857,0.32600,22.66023,3.05000,199.60001,209.80000,219.80000,230.00000,239.80000,42.50000,0.67000,70.00000,70.00000,70.00000,70.10000,17.3547
153,1,20.18800,799.56873,0.35600,28.22081,2020.77783,1657.84998,0.32400,22.63984,3.05200,199.60001,210.00000,220.00000,230.00000,239.80000,42.50000,0.66600,70.00000,70.00000,70.00000,70.10000,17.3565
154,1,20.18800,799.38428,0.35400,28.22590,2026.12073,1649.78711,0.32400,22.67043,3.04600,199.60001,210.00000,219.80000,230.00000,239.80000,42.20000,0.67000,70.00000,70.00000,70.00000,70.10000,17.3550
155,1,20.18800,799.38428,0.36200,28.22590,2010.57776,1651.53564,0.32600,22.66533,3.05200,199.60001,209.80000,219.80000,230.00000,239.80000,42.40000,0.67400,70.00000,70.00000,70.00000,70.10000,17.3553
156,1,20.18800,799.19983,0.35400,28.22590,2010.96643,1656.19849,0.32600,22.65514,3.03800,199.60001,210.00000,220.00000,230.00000,239.80000,42.40000,0.67200,70.00000,70.00000,70.00000,70.10000,17.3544
157,1,20.18800,799.56873,0.36000,28.24119,2019.61218,1649.39844,0.32600,22.67043,3.04800,199.60001,209.80000,220.00000,230.00000,239.80000,42.40000,0.66800,70.00000,70.00000,70.00000,70.10000,17.3555
158,1,20.18800,799.38428,0.40400,28.19532,2028.64648,1652.40991,0.32600,22.65004,3.05400,199.80000,209.80000,220.00000,230.00000,240.00000,42.50000,0.67000,70.00000,70.00000,70.00000,70.10000,17.3543
159,1,20.18800,799.56873,0.35600,28.24629,2026.99500,1653.08997,0.32600,22.64494,3.05600,199.80000,210.10001,220.00000,230.00000,240.00000,42.50000,0.66800,70.00000,70.00000,70.00000,70.10000,17.3564
160,1,20.18800,799.56873,0.35400,28.23610,2040.10938,1652.60425,0.32600,22.65004,3.05600,199.80000,209.80000,219.80000,230.00000,240.00000,42.70000,0.67000,70.00000,70.00000,70.00000,70.10000,17.3548
161,1,20.18800,799.56873,0.41800,28.21571,1987.45764,1645.12415,0.32400,22.66533,3.06200,199.80000,210.00000,220.00000,230.00000,240.00000,42.90000,0.67000,70.00000,70.00000,70.00000,70.10000,17.3546
162,1,20.18800,799.38428,0.35400,28.19532,2015.72644,1649.98132,0.32600,22.66533,3.05800,199.80000,210.00000,220.00000,230.00000,240.00000,42.90000,0.67000,70.00000,70.00000,70.00000,70.10000,17.3558
163,1,20.19000,799.56873,1.55600,28.20552,2031.46362,1650.07849,0.32600,22.65514,3.06200,199.80000,209.80000,220.00000,230.00000,240.00000,42.90000,0.66800,70.00000,70.00000,70.00000,70.10000,17.3565
164,1,20.18800,799.56873,0.35400,28.23610,2021.45789,1654.15857,0.32600,22.68572,3.04200,199.80000,210.10001,220.10001,230.00000,239.80000,43.00000,0.66800,70.00000,70.00000,70.00000,70.10000,17.3581
165,1,20.18800,799.01538,0.34600,28.19532,2018.64075,1648.52417,0.32400,22.65004,3.04800,199.80000,210.10001,220.00000,230.00000,239.80000,43.00000,0.67000,70.00000,70.00000,70.00000,70.10000,17.3556
166,1,20.18800,799.19983,0.35400,28.24119,2014.36646,1649.39844,0.32600,22.64494,3.05800,199.80000,209.80000,220.00000,230.00000,240.00000,43.20000,0.67200,70.00000,70.00000,70.00000,70.10000,17.3588
167,1,20.18800,799.19983,0.35400,28.20552,2023.40076,1650.36987,0.32600,22.65514,3.06400,199.80000,210.10001,220.10001,230.00000,240.00000,43.20000,0.67000,70.00000,70.00000,70.00000,70.10000,17.3565
168,1,20.18800,799.38428,0.47400,28.19532,2026.41223,1651.72998,0.32400,22.68062,3.05000,199.80000,210.00000,220.00000,230.00000,240.00000,43.40000,0.66800,70.00000,70.00000,70.00000,70.10000,17.3557
169,1,20.18800,799.38428,0.35200,28.21571,2022.13782,1647.45557,0.32400,22.67043,3.04800,199.80000,210.00000,220.00000,230.00000,240.00000,43.50000,0.66800,70.00000,70.00000,70.00000,70.10000,17.3555
170,1,20.18800,799.56873,0.41600,28.24119,2026.89795,1651.14709,0.32600,22.66023,3.05200,199.80000,210.10001,220.10001,230.00000,239.80000,43.50000,0.67000,70.00000,70.00000,70.00000,70.10000,17.3553
171,1,20.18800,799.56873,0.40600,28.23100,2029.90930,1644.63843,0.32400,22.67043,3.04800,199.80000,210.00000,220.00000,230.00000,239.80000,43.70000,0.66600,70.00000,70.00000,70.00000,70.10000,17.3545
172,1,20.18800,799.38428,0.41000,28.22081,2010.57776,1649.10706,0.32400,22.65004,3.05800,200.00000,210.00000,220.00000,230.00000,239.80000,43.70000,0.66600,70.00000,70.00000,70.00000,70.10000,17.3565
173,1,20.19000,799.38428,0.35600,28.21571,2026.70361,1653.47852,0.32600,22.64494,3.05600,200.00000,210.10001,220.10001,230.00000,239.80000,43.90000,0.67000,70.00000,70.00000,70.00000,70.10000,17.3565
174,1,20.18800,799.19983,0.35400,28.21061,2024.37219,1645.60986,0.32400,22.68062,3.05000,200.00000,210.00000,220.00000,230.00000,239.80000,44.00000,0.66600,70.00000,70.00000,70.00000,70.10000,17.3560
175,1,20.18800,799.38428,0.40800,28.24119,2016.01782,1652.60425,0.32600,22.66533,3.05400,200.10001,210.00000,220.10001,230.00000,239.80000,44.00000,0.66600,70.00000,70.00000,70.00000,70.10000,17.3568
176,1,20.18800,799.56873,0.42000,28.24119,2032.04651,1646.58130,0.32600,22.64494,3.05600,200.00000,210.10001,220.10001,230.00000,239.80000,44.20000,0.66800,70.00000,70.00000,70.00000,70.10000,17.3573
177,1,20.19000,799.38428,0.41200,28.19532,2029.71509,1644.54126,0.32600,22.66023,3.06600,200.00000,209.80000,220.10001,230.00000,239.80000,44.40000,0.67000,70.00000,70.00000,70.00000,70.10000,17.3538
178,1,20.18800,799.38428,0.35600,28.22590,2025.53784,1649.78711,0.32800,22.68062,3.04800,200.10001,210.00000,220.10001,230.00000,239.80000,44.40000,0.67000,70.00000,70.00000,70.00000,70.10000,17.3571
179,1,20.18800,799.01538,0.35800,28.23610,2014.17212,1649.30139,0.32600,22.67043,3.05400,200.00000,210.10001,220.10001,230.00000,239.80000,44.50000,0.66600,70.00000,70.00000,70.00000,70.10000,17.3603
180,1,20.18800,799.19983,0.35600,28.22590,2016.50354,1655.61572,0.32800,22.67552,3.03800,200.10001,210.00000,220.10001,230.00000,239.80000,44.50000,0.66800,70.00000,70.00000,70.00000,70.10000,17.3580
181,1,20.19000,799.19983,0.35800,28.21571,2024.27502,1650.95276,0.32600,22.66533,3.05000,200.10001,210.10001,220.10001,230.00000,239.80000,44.70000,0.66600,70.00000,70.00000,70.00000,70.10000,17.3561
182,1,20.18800,799.19983,0.40400,28.23610,2020.19507,1650.66138,0.32600,22.67043,3.05000,200.10001,210.00000,220.00000,230.00000,239.80000,44.70000,0.67000,70.00000,70.00000,70.00000,70.10000,17.3549
183,1,20.18800,799.19983,0.35400,28.23100,2016.69788,1646.96985,0.32600,22.65004,3.05000,200.10001,210.00000,220.00000,230.00000,239.80000,44.90000,0.66800,70.00000,70.00000,70.00000,70.10000,17.3544
184,1,20.18800,799.38428,0.40400,28.20552,2047.97803,1650.66138,0.32400,22.67043,3.04600,200.00000,210.10001,220.10001,230.00000,239.80000,45.00000,0.66600,70.00000,70.00000,70.00000,70.10000,17.3550
185,1,20.18800,799.56873,0.35800,28.21061,2040.59509,1649.20422,0.32800,22.67552,3.04000,200.10001,209.80000,220.00000,230.00000,239.80000,45.00000,0.66800,70.00000,70.00000,70.00000,70.10000,17.3545
186,1,20.19000,799.19983,0.35800,28.22081,2039.23511,1650.66138,0.32600,22.68062,3.04400,200.10001,210.10001,220.10001,230.00000,239.80000,45.20000,0.66400,70.00000,70.00000,70.00000,70.10000,17.3554
187,1,20.18800,799.56873,0.35600,28.23100,2027.28650,1648.81567,0.32600,22.67552,3.05200,200.10001,209.80000,220.00000,230.00000,239.80000,45.20000,0.66600,70.00000,70.00000,70.00000,70.10000,17.3589
188,1,20.18800,799.19983,0.39600,28.20552,2027.86938,1651.24426,0.32600,22.65514,3.04000,200.10001,210.00000,220.00000,230.00000,239.80000,45.20000,0.66800,70.00000,70.00000,70.00000,70.10000,17.3570
189,1,20.18800,799.19983,0.35200,28.20552,2032.92078,1652.79846,0.32600,22.68062,3.04800,200.10001,210.10001,220.10001,230.00000,240.00000,45.40000,0.66600,70.00000,70.00000,70.00000,70.10000,17.3558
190,1,20.19000,799.38428,0.41400,28.23100,2041.56653,1644.24988,0.32800,22.66023,3.04600,200.10001,209.80000,220.00000,230.00000,240.00000,45.50000,0.66800,70.00000,70.00000,70.00000,70.10000,17.3542
191,1,20.19000,799.19983,0.40400,28.20552,2029.61792,1650.46704,0.32800,22.69081,3.05400,200.10001,210.10001,220.00000,230.00000,240.00000,45.50000,0.66600,70.00000,70.00000,70.00000,70.10000,17.3548
192,1,20.18800,799.01538,0.35000,28.23100,2030.39502,1651.34131,0.32600,22.63984,3.05000,200.10001,210.10001,220.10001,230.00000,240.00000,45.70000,0.67000,70.00000,70.00000,70.00000,70.10000,17.3564
193,1,20.18800,799.19983,0.35600,28.20042,2024.46936,1649.49561,0.32600,22.68062,3.05000,200.00000,209.80000,220.00000,230.00000,239.80000,45.70000,0.67200,70.00000,70.00000,70.00000,70.10000,17.3547
194,1,20.18800,799.38428,0.35400,28.24119,2014.26929,1647.84424,0.32400,22.65004,3.04800,200.10001,210.10001,220.10001,230.00000,239.80000,45.70000,0.66800,70.00000,70.00000,70.00000,70.10000,17.3570
195,1,20.18800,799.19983,0.35400,28.23100,1995.71484,1648.81567,0.32400,22.67552,3.05200,200.10001,210.00000,220.00000,230.00000,239.80000,45.90000,0.66800,70.00000,70.00000,70.00000,70.10000,17.3584
196,1,20.18800,799.01538,0.35000,28.21571,2025.14929,1649.10706,0.32400,22.68062,3.04800,200.10001,210.00000,220.00000,230.00000,239.80000,46.00000,0.66800,70.00000,70.00000,70.00000,70.10000,17.3529
197,1,20.18800,799.19983,0.35600,28.23610,2051.86377,1648.52417,0.32600,22.67552,3.04400,200.10001,210.10001,220.00000,230.00000,239.80000,46.20000,0.66800,70.00000,70.00000,70.00000,70.10000,17.3565
198,1,20.18800,799.19983,0.35600,28.23100,2011.64636,1649.00989,0.32600,22.68062,3.03800,200.10001,209.80000,219.80000,230.00000,239.80000,46.20000,0.66800,70.00000,70.00000,70.00000,70.10000,17.3533
199,1,20.18800,799.19983,0.40000,28.25139,2012.81213,1647.35852,0.32800,22.67552,3.05800,200.10001,210.00000,220.00000,230.00000,239.80000,46.20000,0.66600,70.00000,70.00000,70.00000,70.10000,17.3581
200,1,20.18800,799.01538,0.40400,28.21061,2024.08069,1649.39844,0.32800,22.67552,3.04600,200.00000,210.00000,219.80000,230.00000,239.80000,46.40000,0.67000,70.00000,70.00000,70.00000,70.10000,17.3543
201,1,20.18800,799.19983,0.39800,28.23610,2018.15503,1649.00989,0.32400,22.65514,3.03600,200.10001,209.80000,219.80000,230.00000,239.80000,46.40000,0.66800,70.00000,70.00000,70.00000,70.10000,17.3543
202,1,20.18800,799.38428,0.42000,28.22081,2016.89209,1652.40991,0.32600,22.66533,3.05000,200.10001,210.10001,220.10001,230.00000,239.80000,46.50000,0.67000,70.00000,70.00000,70.00000,70.10000,17.3548
203,1,20.18800,799.01538,0.35600,28.21061,2017.57214,1646.96985,0.32600,22.65514,3.04000,200.00000,209.80000,220.00000,230.00000,239.80000,46.50000,0.66400,70.00000,70.00000,70.00000,70.10000,17.3570
204,1,20.18800,799.19983,0.35600,28.22081,2027.18933,1653.57568,0.32400,22.68572,3.04600,200.00000,210.10001,220.10001,230.00000,239.80000,46.70000,0.67200,70.00000,70.00000,70.00000,70.10000,17.3537
205,1,20.18800,799.19983,0.35400,28.22081,2038.55518,1650.46704,0.32600,22.66023,3.03200,200.00000,210.00000,220.00000,230.00000,239.80000,46.70000,0.67000,70.00000,70.00000,70.00000,70.10000,17.3542
206,1,20.18800,799.19983,0.40600,28.21571,2029.90930,1649.30139,0.32800,22.65004,3.05200,200.00000,210.00000,220.00000,230.00000,240.00000,46.70000,0.67000,70.00000,70.00000,70.00000,70.10000,17.3535
207,1,20.18800,799.38428,0.35200,28.20042,2019.32068,1652.60425,0.32400,22.66533,3.04000,200.00000,210.10001,220.10001,230.00000,240.00000,46.90000,0.66800,70.00000,70.00000,70.00000,70.10000,17.3573
208,1,20.18800,799.19983,0.35600,28.21061,2022.52649,1650.07849,0.32600,22.70610,3.04400,200.00000,209.80000,220.00000,230.00000,240.00000,46.90000,0.66800,70.00000,70.00000,70.00000,70.10000,17.3547
209,1,20.18800,799.19983,0.39600,28.23100,2028.06360,1648.81567,0.32600,22.68572,3.05200,200.00000,210.00000,220.10001,230.00000,240.00000,47.00000,0.67000,70.00000,70.00000,70.00000,70.10000,17.3549
210,1,20.18800,799.01538,0.40800,28.23100,2018.83496,1648.13562,0.32400,22.67552,3.03400,200.10001,209.80000,220.00000,230.00000,240.00000,47.00000,0.67200,70.00000,70.00000,70.00000,70.10000,17.3555
211,1,20.19000,799.56873,1.54400,28.20042,2034.66943,1648.42700,0.32800,22.67043,3.04600,200.10001,209.80000,220.00000,230.00000,240.00000,47.00000,0.66800,70.00000,70.00000,70.00000,70.10000,17.3564
212,1,20.18800,799.01538,0.40400,28.19532,2004.26343,1654.35278,0.32800,22.67043,3.05400,200.10001,210.10001,220.10001,230.00000,239.80000,47.00000,0.66800,70.00000,70.00000,70.00000,70.10000,17.3548
213,1,20.18800,799.19983,0.35400,28.21061,2029.13220,1651.24426,0.32400,22.68572,3.04000,200.10001,209.80000,220.00000,230.00000,239.80000,47.20000,0.67000,70.00000,70.00000,70.00000,70.10000,17.3543
214,1,20.18800,799.19983,0.35400,28.22081,2023.01221,1650.36987,0.32400,22.68062,3.04600,200.00000,210.10001,220.00000,230.00000,239.80000,47.20000,0.67000,70.00000,70.00000,70.00000,70.10000,17.3539
215,1,20.18800,799.19983,0.35200,28.24629,2032.14368,1646.38708,0.32600,22.68062,3.04000,200.10001,210.00000,220.00000,230.00000,239.80000,47.40000,0.66800,70.00000,70.00000,70.00000,70.10000,17.3556
216,1,20.18800,799.19983,0.35600,28.21061,2015.92065,1650.46704,0.32800,22.68572,3.05000,200.10001,209.80000,220.00000,229.80000,239.80000,47.50000,0.67000,70.00000,70.00000,70.00000,70.10000,17.3549
217,1,20.18800,799.19983,1.53400,28.24629,2027.38367,1650.27283,0.32600,22.66533,3.05800,200.10001,210.10001,220.00000,230.00000,239.80000,47.50000,0.67000,70.00000,70.00000,70.00000,70.10000,17.3559
218,1,20.18800,799.01538,0.35800,28.24629,2021.74927,1650.95276,0.32600,22.70101,3.05600,200.10001,209.80000,219.80000,230.00000,239.80000,47.70000,0.67000,70.00000,70.00000,70.00000,70.10000,17.3560
219,1,20.18800,799.19983,0.40200,28.23100,2015.82361,1651.82703,0.32600,22.67552,3.04600,200.10001,210.00000,219.80000,230.00000,239.80000,47.70000,0.66400,70.00000,70.00000,70.00000,70.10000,17.3548
220,1,20.18800,799.01538,0.35400,28.24119,2021.55505,1651.82703,0.32400,22.67552,3.04400,200.10001,210.10001,220.00000,230.00000,239.80000,47.70000,0.67000,70.00000,70.00000,70.00000,70.10000,17.3563
221,1,20.18800,799.19983,0.41800,28.23100,2032.72656,1649.88416,0.32600,22.69591,3.05600,200.10001,209.80000,219.80000,230.00000,239.80000,47.90000,0.66600,70.00000,70.00000,70.00000,70.10000,17.3567
222,1,20.19000,799.01538,0.35400,28.22081,2047.78369,1646.58130,0.32600,22.69591,3.04000,200.00000,210.10001,220.00000,230.00000,240.00000,48.00000,0.66600,70.00000,70.00000,70.00000,70.10000,17.3546
223,1,20.18800,799.19983,0.35800,28.21571,2018.83496,1652.79846,0.32600,22.68572,3.05800,200.10001,210.00000,220.00000,230.00000,240.00000,48.00000,0.67000,70.00000,70.00000,70.00000,70.10000,17.3588
224,1,20.18800,799.19983,0.42000,28.21571,2033.60083,1647.55273,0.32600,22.67043,3.03800,200.10001,210.00000,220.00000,230.00000,240.00000,48.00000,0.67000,70.00000,70.00000,70.00000,70.10000,17.3548
225,1,20.18800,798.83093,0.40400,28.25139,2034.47510,1653.96423,0.32600,22.69081,3.03600,200.00000,210.10001,220.10001,230.00000,240.00000,48.00000,0.66600,70.00000,70.00000,70.00000,70.10000,17.3542
226,1,20.18800,799.01538,0.35600,28.24629,2020.48645,1653.86707,0.32600,22.67043,3.05400,200.00000,210.00000,220.00000,230.00000,239.80000,48.00000,0.67000,70.00000,70.00000,70.00000,70.10000,17.3565
227,1,20.18800,799.01538,0.35600,28.23100,2025.24646,1654.06140,0.32800,22.68062,3.05200,200.10001,210.10001,220.10001,230.00000,239.80000,48.00000,0.66800,70.00000,70.00000,70.00000,70.10000,17.3566
228,1,20.18800,799.01538,0.40200,28.22590,2003.38916,1656.29565,0.32400,22.70101,3.03800,200.00000,210.10001,220.00000,230.00000,239.80000,47.90000,0.67000,70.00000,70.00000,70.00000,70.10000,17.3579
229,1,20.18800,799.19983,0.35600,28.23100,2013.39502,1659.40430,0.32400,22.66023,3.03400,200.10001,210.00000,220.00000,230.00000,239.80000,47.70000,0.67200,70.00000,70.00000,70.00000,70.10000,17.3552
230,1,20.18800,799.01538,0.33800,28.25139,2007.95496,1653.38135,0.32400,22.64494,3.05200,200.00000,210.10001,220.10001,230.00000,239.80000,47.70000,0.67000,70.00000,70.00000,70.00000,70.10000,17.3581
231,1,20.18800,799.38428,0.42000,28.21571,2002.51489,1655.32422,0.32400,22.67552,3.04800,199.80000,210.00000,220.00000,230.00000,239.80000,47.50000,0.66800,70.00000,70.00000,70.00000,70.10000,17.3556
232,1,20.18800,799.19983,0.35200,28.24119,2009.70349,1658.04431,0.32600,22.71120,3.04600,199.80000,210.10001,220.10001,229.80000,239.80000,47.40000,0.67000,70.00000,70.00000,70.00000,70.10000,17.3544
233,1,20.18800,799.19983,0.35400,28.22590,2017.08643,1654.64429,0.32400,22.69591,3.03000,199.80000,210.00000,220.00000,229.80000,239.80000,46.90000,0.66600,70.00000,70.00000,70.00000,70.10000,17.3546
234,1,20.18800,799.01538,0.35000,28.23610,2019.32068,1655.42139,0.32400,22.67552,3.04000,199.80000,210.00000,220.00000,229.80000,239.80000,46.40000,0.67000,70.00000,70.00000,70.00000,70.10000,17.3548
235,1,20.18800,799.01538,0.35200,28.23610,2016.50354,1656.87854,0.32600,22.69081,3.03200,199.80000,210.00000,220.00000,230.00000,239.80000,45.70000,0.67200,70.00000,70.00000,70.00000,70.10000,17.3558
236,1,20.18800,799.01538,0.35000,28.21571,2024.56641,1650.66138,0.32400,22.66533,3.03400,199.80000,209.80000,220.00000,230.00000,239.80000,45.20000,0.66800,70.00000,70.00000,70.00000,70.10000,17.3578
237,1,20.18800,799.38428,1.51000,28.21571,2013.78357,1654.06140,0.32600,22.65514,3.05400,199.80000,210.10001,220.10001,230.00000,239.80000,44.40000,0.66800,70.00000,70.00000,70.00000,70.10000,17.3550
238,1,20.18800,799.19983,0.40400,28.22590,2006.59497,1654.06140,0.32600,22.68062,3.04200,199.80000,209.80000,220.00000,230.00000,240.00000,43.70000,0.66800,70.00000,70.00000,70.00000,70.10000,17.3549
239,1,20.18800,799.19983,0.40600,28.25139,2018.83496,1652.99280,0.32600,22.66533,3.03200,199.80000,210.00000,220.00000,230.00000,240.00000,43.20000,0.67000,70.00000,70.00000,70.00000,70.10000,17.3564
240,1,20.19000,799.38428,0.41200,28.20552,2033.69800,1658.14136,0.32800,22.66023,3.04800,199.60001,210.00000,220.00000,230.00000,240.00000,42.90000,0.67000,70.00000,70.00000,70.00000,70.10000,17.3568
241,1,20.18800,799.19983,0.41000,28.23610,2013.88074,1649.10706,0.32400,22.65514,3.04200,199.60001,209.80000,220.00000,230.00000,239.80000,42.50000,0.66400,70.00000,70.00000,70.00000,70.10000,17.3536
242,1,20.18800,799.19983,0.41800,28.23100,2027.18933,1649.00989,0.32600,22.68572,3.04600,199.60001,210.00000,220.10001,230.00000,239.80000,42.00000,0.66600,70.00000,70.00000,70.00000,70.10000,17.3555
243,1,20.18800,799.19983,0.35400,28.21571,2008.63489,1652.02136,0.32400,22.67043,3.04000,199.60001,209.80000,220.00000,230.00000,239.80000,41.70000,0.67000,70.00000,70.00000,70.00000,70.10000,17.3552
244,1,20.18800,799.19983,0.41000,28.23100,2004.26343,1654.54712,0.32800,22.65514,3.04800,199.60001,209.80000,220.00000,230.00000,239.80000,41.40000,0.66800,70.00000,70.00000,70.00000,70.10000,17.3567
245,1,20.18800,799.19983,0.41800,28.21061,2015.62927,1654.15857,0.32600,22.63984,3.05800,199.60001,210.00000,220.10001,230.00000,239.80000,41.00000,0.67000,70.00000,70.00000,70.00000,70.10000,17.3541
246,1,20.18800,799.19983,0.40200,28.24629,2014.17212,1646.58130,0.32600,22.65004,3.05600,199.60001,209.80000,219.80000,229.80000,239.80000,40.70000,0.67000,70.00000,70.00000,70.00000,70.10000,17.3559
247,1,20.18800,799.38428,0.40400,28.24629,2006.59497,1654.25562,0.32600,22.68572,3.04800,199.60001,209.80000,220.00000,230.00000,239.80000,40.50000,0.66800,70.00000,70.00000,70.00000,70.10000,17.3547
248,1,20.18800,799.19983,0.40600,28.24119,2002.90344,1651.82703,0.32600,22.67552,3.04800,199.60001,209.80000,219.80000,230.00000,239.80000,40.20000,0.66800,70.00000,70.00000,70.00000,70.10000,17.3547
249,1,20.18800,799.01538,0.35000,28.23610,2021.55505,1645.22131,0.32400,22.63984,3.04600,199.60001,209.80000,219.80000,230.00000,239.80000,40.00000,0.66800,70.00000,70.00000,70.00000,70.10000,17.3536
250,1,20.18800,799.19983,0.41600,28.24629,2016.60071,1652.31274,0.32600,22.66023,3.05600,199.60001,210.00000,220.00000,230.00000,239.80000,39.70000,0.67200,70.00000,70.00000,70.00000,70.10000,17.3553
251,1,20.18800,799.19983,0.35000,28.21061,1998.53198,1653.47852,0.32600,22.65514,3.04800,199.60001,210.00000,219.80000,230.00000,239.80000,39.70000,0.67200,70.00000,70.00000,70.00000,70.10000,17.3549
252,1,20.18800,799.01538,0.35800,28.25139,2015.24072,1647.45557,0.32600,22.63475,3.05400,199.60001,209.80000,220.00000,230.00000,239.80000,39.70000,0.67000,70.00000,70.00000,70.00000,70.10000,17.3534
253,1,20.18800,799.19983,0.35400,28.22590,2029.71509,1652.11853,0.32800,22.67552,3.04400,199.60001,210.10001,220.10001,230.00000,239.80000,39.70000,0.66800,70.00000,70.00000,70.00000,70.10000,17.3544
254,1,20.18800,799.38428,0.41000,28.20042,2015.43494,1649.88416,0.32400,22.65514,3.05000,199.60001,210.00000,220.00000,230.00000,239.80000,39.70000,0.67000,70.00000,70.00000,70.00000,70.10000,17.3524
255,1,20.18800,798.83093,0.35000,28.24119,2026.70361,1656.58716,0.32600,22.67552,3.05200,199.60001,210.00000,220.00000,230.00000,240.00000,39.70000,0.66800,70.00000,70.00000,70.00000,70.10000,17.3543
256,1,20.18800,799.19983,0.35800,28.20042,2019.22363,1655.03284,0.32600,22.65004,3.05000,199.60001,210.10001,220.10001,230.00000,240.00000,39.90000,0.67000,70.00000,70.00000,70.00000,70.10000,17.3576
257,1,20.18800,799.19983,0.35400,28.21061,2017.47498,1654.93567,0.32600,22.65004,3.05200,199.60001,209.80000,220.00000,230.00000,240.00000,40.00000,0.66800,70.00000,70.00000,70.00000,70.10000,17.3563
258,1,20.18800,799.19983,0.35400,28.22081,2011.35498,1654.93567,0.32400,22.65514,3.04200,199.60001,210.10001,220.10001,230.00000,239.80000,40.20000,0.67000,70.00000,70.00000,70.00000,70.10000,17.3538
259,1,20.18800,799.19983,0.35400,28.22590,2012.42358,1658.62708,0.32400,22.64494,3.04600,199.80000,210.00000,220.00000,230.00000,239.80000,40.40000,0.67000,70.00000,70.00000,70.00000,70.10000,17.3571
260,1,20.18800,799.38428,0.47600,28.23610,2018.25220,1649.68994,0.32400,22.66023,3.04400,199.80000,210.00000,220.00000,230.00000,239.80000,40.50000,0.66800,70.00000,70.00000,70.00000,70.10000,17.3534
261,1,20.18800,799.19983,0.40000,28.25139,2017.76648,1654.74133,0.32400,22.66533,3.04600,199.60001,210.10001,220.10001,230.00000,239.80000,40.50000,0.67200,70.00000,70.00000,70.00000,70.10000,17.3542
262,1,20.18800,799.19983,0.42400,28.22590,2003.68066,1651.34131,0.32400,22.66023,3.04600,199.60001,209.80000,220.00000,230.00000,239.80000,41.00000,0.66800,70.00000,70.00000,70.00000,70.10000,17.3562
263,1,20.18800,799.38428,0.47800,28.20552,1996.78345,1657.75281,0.32800,22.68062,3.05000,199.60001,210.00000,220.00000,230.00000,239.80000,41.20000,0.67200,70.00000,70.00000,70.00000,70.10000,17.3580
264,1,20.18800,799.01538,0.41400,28.20552,2025.34363,1645.22131,0.32600,22.67043,3.03200,199.60001,210.00000,220.00000,230.00000,239.80000,41.20000,0.67200,70.00000,70.00000,70.00000,70.10000,17.3537
265,1,20.18800,799.38428,0.39800,28.24629,2014.94922,1650.66138,0.32400,22.67043,3.05200,199.80000,209.80000,220.00000,230.00000,239.80000,41.40000,0.67000,70.00000,70.00000,70.00000,70.10000,17.3542
266,1,20.18800,799.19983,0.35400,28.23610,2004.55493,1656.68420,0.32400,22.67043,3.04600,199.80000,210.10001,220.10001,230.00000,239.80000,41.50000,0.67000,70.00000,70.00000,70.00000,70.10000,17.3531
267,1,20.18800,799.19983,0.35200,28.23610,2007.08069,1650.56421,0.32600,22.66533,3.03400,199.80000,209.80000,220.00000,230.00000,239.80000,41.50000,0.67000,70.00000,70.00000,70.00000,70.10000,17.3529
268,1,20.18800,799.19983,0.35600,28.21571,2018.34924,1650.56421,0.32400,22.67552,3.05400,200.00000,210.00000,220.10001,230.00000,239.80000,41.70000,0.66600,70.00000,70.00000,70.00000,70.20000,17.3550
269,1,20.18800,799.01538,0.35800,28.23610,2019.02930,1654.06140,0.32400,22.66533,3.04800,199.80000,210.10001,220.10001,230.00000,239.80000,41.90000,0.67000,70.00000,70.00000,70.00000,70.20000,17.3555
270,1,20.18800,799.19983,1.48400,28.20552,2011.06348,1651.63281,0.32400,22.65514,3.05200,199.80000,209.80000,220.00000,230.00000,239.80000,42.00000,0.67000,70.00000,70.00000,70.00000,70.20000,17.3606
271,1,20.18800,799.19983,0.35400,28.22081,2003.19495,1654.83850,0.32400,22.66533,3.06400,200.00000,210.10001,220.10001,230.00000,239.80000,42.20000,0.67000,70.00000,70.00000,70.00000,70.20000,17.3585
272,1,20.18800,799.19983,0.35400,28.20042,2013.29785,1653.38135,0.32400,22.64494,3.04400,199.80000,210.10001,220.10001,230.00000,239.80000,42.40000,0.67200,70.00000,70.00000,70.00000,70.20000,17.3565
273,1,20.18800,799.19983,0.35400,28.22081,2002.12634,1653.67285,0.32600,22.67043,3.05400,200.00000,209.80000,220.00000,230.00000,239.80000,42.50000,0.66800,70.00000,70.00000,70.00000,70.10000,17.3544
274,1,20.18800,799.01538,0.34800,28.20552,1996.88062,1652.70142,0.32600,22.65004,3.05000,200.00000,210.10001,220.10001,230.00000,239.80000,42.50000,0.67000,70.00000,70.00000,70.00000,70.10000,17.3536
275,1,20.18800,799.19983,0.35800,28.20552,2000.37769,1654.54712,0.32400,22.65004,3.05200,200.00000,210.10001,220.10001,230.00000,239.80000,42.70000,0.67000,70.00000,70.00000,70.00000,70.10000,17.3569
276,1,20.18800,799.19983,0.35600,28.21061,1995.81201,1652.50708,0.32600,22.63984,3.05600,200.00000,209.80000,220.00000,230.00000,239.80000,42.70000,0.66600,70.00000,70.00000,70.00000,70.10000,17.3568
277,1,20.18800,799.01538,0.35200,28.23610,2015.82361,1649.78711,0.32600,22.65514,3.05000,200.00000,210.10001,220.10001,229.80000,239.80000,42.90000,0.67200,70.00000,70.00000,70.00000,70.10000,17.3550
278,1,20.18800,799.19983,1.55800,28.20042,2013.49207,1654.06140,0.32600,22.65004,3.04600,200.00000,210.00000,220.00000,229.80000,239.80000,43.20000,0.66400,70.00000,70.00000,70.00000,70.10000,17.3549
279,1,20.18800,799.19983,0.47400,28.22081,2003.38916,1654.74133,0.32600,22.66533,3.05200,200.00000,210.00000,220.00000,230.00000,239.80000,43.20000,0.66600,70.00000,70.00000,70.00000,70.10000,17.3568
280,1,20.18800,799.19983,0.42000,28.22590,2010.57776,1655.03284,0.32600,22.68572,3.04400,200.00000,210.10001,220.00000,230.00000,239.80000,43.20000,0.66800,70.00000,70.00000,70.00000,70.10000,17.3587
281,1,20.18800,799.19983,1.47600,28.25139,2022.91504,1662.02710,0.32400,22.63984,3.04600,199.80000,210.00000,220.00000,230.00000,239.80000,43.50000,0.66400,70.00000,70.00000,70.00000,70.10000,17.3580
282,1,20.18800,798.83093,0.35200,28.21061,2003.38916,1657.94714,0.32600,22.68062,3.04800,200.00000,210.10001,220.10001,230.00000,240.00000,43.50000,0.66800,70.00000,70.00000,70.00000,70.10000,17.3565
283,1,20.18800,799.01538,0.41600,28.24119,2008.82922,1652.99280,0.32400,22.67043,3.04800,200.00000,210.10001,220.00000,230.00000,239.80000,43.70000,0.66800,70.00000,70.00000,70.00000,70.10000,17.3585
284,1,20.18800,799.01538,0.40600,28.20552,2011.45215,1652.70142,0.32600,22.67043,3.05800,200.00000,210.00000,220.00000,230.00000,239.80000,43.70000,0.67000,70.00000,70.00000,70.00000,70.10000,17.3538
285,1,20.18800,799.19983,1.53800,28.21061,2012.03491,1661.54138,0.32600,22.65514,3.04200,199.80000,210.10001,220.10001,230.00000,240.00000,43.90000,0.67000,70.00000,70.00000,70.00000,70.10000,17.3554
286,1,20.18800,799.01538,0.35600,28.23100,2011.16064,1654.54712,0.32600,22.67552,3.04600,200.00000,210.00000,220.00000,230.00000,240.00000,44.00000,0.67000,70.00000,70.00000,70.00000,70.10000,17.3533
287,1,20.18800,799.01538,0.35200,28.25139,2005.62354,1646.48413,0.32400,22.66533,3.05000,200.10001,210.00000,220.00000,230.00000,240.00000,44.00000,0.66800,70.00000,70.00000,70.00000,70.20000,17.3570
288,1,20.18800,799.01538,0.35600,28.20552,2007.37207,1656.48999,0.32400,22.67043,3.05800,200.10001,210.10001,220.10001,230.00000,240.00000,44.20000,0.66800,70.00000,70.00000,70.00000,70.20000,17.3562
289,1,20.18800,798.83093,0.35400,28.25139,2017.66931,1650.75854,0.32600,22.64494,3.06000,200.10001,210.00000,220.00000,230.00000,239.80000,44.50000,0.67000,70.00000,70.00000,70.00000,70.10000,17.3537
290,1,20.18800,799.01538,0.40800,28.21571,2012.71497,1651.14709,0.32400,22.66533,3.05800,200.10001,210.00000,220.10001,230.00000,239.80000,44.50000,0.66800,70.00000,70.00000,70.00000,70.10000,17.3539
291,1,20.18800,799.01538,0.35600,28.19532,2007.46924,1655.32422,0.32400,22.65514,3.04400,200.10001,210.10001,220.00000,230.00000,239.80000,44.50000,0.67000,70.00000,70.00000,70.00000,70.10000,17.3544
292,1,20.18800,799.19983,0.52800,28.24629,2024.37219,1652.79846,0.32600,22.67043,3.04600,200.10001,209.80000,220.00000,230.00000,239.80000,44.50000,0.67000,70.00000,70.00000,70.00000,70.10000,17.3536
293,1,20.18800,799.01538,0.35200,28.23100,2005.42920,1649.20422,0.32400,22.66023,3.04800,200.10001,210.10001,220.10001,229.80000,239.80000,44.70000,0.66800,70.00000,70.00000,70.00000,70.10000,17.3547
294,1,20.18800,799.01538,0.35600,28.20552,1997.65771,1647.94128,0.32600,22.67043,3.05200,200.10001,210.00000,220.00000,230.00000,240.00000,44.70000,0.67200,70.00000,70.00000,70.00000,70.10000,17.3544
295,1,20.18800,799.01538,0.35600,28.22081,2006.20630,1650.17566,0.32600,22.66533,3.04600,200.10001,210.00000,220.00000,230.00000,240.00000,44.90000,0.67000,70.00000,70.00000,70.00000,70.10000,17.3546
296,1,20.18800,798.83093,0.35400,28.22081,2007.37207,1654.15857,0.32600,22.67043,3.04200,200.10001,210.10001,220.00000,230.00000,239.80000,45.00000,0.66800,70.00000,70.00000,70.00000,70.10000,17.3565
297,1,20.18800,798.83093,0.35800,28.19532,2013.97778,1650.75854,0.32600,22.67043,3.03800,200.00000,209.80000,220.00000,230.00000,239.80000,45.00000,0.66800,70.00000,70.00000,70.00000,70.10000,17.3547
298,1,20.18800,799.19983,0.47600,28.21571,2020.09790,1655.22705,0.32400,22.68572,3.03800,200.00000,210.10001,220.10001,230.00000,239.80000,45.00000,0.67400,70.00000,70.00000,70.00000,70.10000,17.3547
299,1,20.18800,799.38428,0.41200,28.23100,2006.49780,1653.08997,0.32600,22.67043,3.03800,200.10001,210.00000,220.00000,230.00000,239.80000,45.20000,0.66800,70.00000,70.00000,70.00000,70.10000,17.3561
300,1,20.18800,799.19983,0.35800,28.21061,2028.35510,1651.72998,0.32600,22.67552,3.04600,200.10001,210.00000,220.00000,230.00000,239.80000,45.20000,0.67000,70.00000,70.00000,70.00000,70.10000,17.3578
